symbol,entry_date,exit_date,entry_px,exit_px,days,pnl,ret,fees,exit
HAL,2016-05-31,2016-06-01,35.3453,34.31,1,-605.2401294542287,-0.030262006472711437,39.39419402461034,stop
STLD,2016-06-06,2016-06-14,20.7007,20.7007,6,11.13663934007127,0.0005602226593522591,39.76909149328922,stop
NEM,2016-06-08,2016-06-14,28.2282,27.55,4,-501.9446172896023,-0.02500159415053026,39.65060207424074,stop
WYNN,2016-06-07,2016-06-16,88.4083,88.4083,7,57.67856466896046,0.002903191238109828,39.79237147790403,stop
OKE,2016-07-12,2016-07-13,26.3363,25.86,1,-377.3919882225309,-0.019067591473520683,39.20692200961734,stop
ULTA,2016-07-15,2016-07-18,257.0868,255.255,1,-160.06551976634364,-0.008118210489428656,39.27350907584003,stop
ULTA,2016-07-19,2016-07-27,257.1369,257.1369,6,16.31917697699828,0.0008290228146193566,39.38604406190857,stop
OKE,2016-08-18,2016-08-22,26.4965,26.31,2,-160.70208948641812,-0.00803050368596238,39.86209363235963,stop
VEEV,2016-08-11,2016-08-24,38.7487,38.7487,9,103.56587742544434,0.005260329118053248,39.47990577370997,stop
DVN,2016-08-11,2016-09-09,28.5886,30.13,20,1207.630238645139,0.06133808418472308,40.58507530446042,close<SMA20
KEY,2017-01-03,2017-01-05,12.3223,12.0645,2,-436.18204636841256,-0.021898670914806743,39.399815632535834,stop
TPL,2017-01-04,2017-01-13,29.7397,29.7397,7,131.95465454952136,0.006644490396846406,39.850644109342994,stop
TPL,2017-01-13,2017-01-23,31.8919,31.07,5,-531.0737921841828,-0.026744441998679185,39.18313782156889,stop
PWR,2017-01-25,2017-01-26,36.7968,36.63,1,-109.1722138895384,-0.005527388824450525,39.39303199446233,stop
CFG,2017-01-26,2017-01-27,25.9459,25.69,1,-214.1365151586033,-0.010853729603729413,39.24429369459789,stop
PWR,2017-01-26,2017-01-27,37.2872,36.61,1,-377.715168564293,-0.01914488196367383,39.08055129879641,stop
BAC,2017-02-21,2017-02-22,19.9099,19.74,1,-188.64927731262287,-0.009524412239344245,39.42504276696377,stop
BAC,2017-02-22,2017-02-23,19.9299,19.7,1,-246.98441853623444,-0.012524391730820802,39.19335290340986,stop
GS,2017-02-14,2017-02-24,202.3021,202.05,7,35.48728704246241,0.0018043806762264535,39.37015213430337,stop
BAC,2017-03-01,2017-03-02,20.4504,20.31,1,-155.27602113024477,-0.00785998142826325,39.35513936074572,stop
CFG,2017-03-01,2017-03-02,26.7367,26.57,1,-142.8110543555449,-0.0072290120961029485,39.36761680496464,stop
KEY,2017-03-01,2017-03-02,12.7127,12.69,1,-54.995307952071016,-0.002783830342885442,39.45552045501816,stop
BAC,2017-03-02,2017-03-02,20.7107,20.32,0,-392.7432397751363,-0.019845306940522,39.18736834426987,stop (entry day)
RF,2017-02-09,2017-03-07,10.4104,10.62,17,487.74903643588914,0.02487128256359036,39.71014092410204,close<SMA20
INCY,2017-02-27,2017-03-07,132.0219,132.0219,6,67.93294490286644,0.003460911538987944,39.32529606628081,stop
CSX,2017-03-06,2017-03-07,14.6146,14.36,1,-360.7654260644704,-0.018403514293925134,38.84505777374751,stop
CSX,2017-03-07,2017-03-07,14.6546,14.2,0,-621.3193152054846,-0.03199259756636805,38.21953982280989,stop (entry day)
NRG,2017-03-09,2017-03-14,14.5145,14.0195,3,-676.6585054772295,-0.035066463056162324,37.91561726334312,stop
NRG,2017-03-17,2017-03-20,14.7647,14.7,1,-103.03766375655687,-0.005381059618347656,38.193319038774774,stop
MU,2017-03-15,2017-04-11,25.3053,26.5,19,678.4443716339956,0.035407333963504976,39.001412926936226,close<SMA20
ANET,2017-05-15,2017-05-16,9.2312,9.157,1,-174.10813593362036,-0.009032281966569357,38.37816992676902,stop
VRTX,2017-06-01,2017-06-07,124.124,123.54,4,-109.68104261329063,-0.00570026747446077,38.37301818765748,stop
ANET,2017-06-01,2017-06-09,9.2973,9.2973,6,255.58726822595418,0.01328320516692595,38.73865213244151,stop
ANET,2017-06-09,2017-06-09,9.8578,9.341,0,-1028.618023282288,-0.05337767431593574,37.51152389875859,stop (entry day)
ANET,2017-06-21,2017-06-27,9.9199,9.703,4,-435.52222210446416,-0.02284425967574309,37.693765768666545,stop
ALGN,2017-06-23,2017-06-27,155.0048,151.15,2,-492.94789712603233,-0.025844352612192298,37.65403308052093,stop
ALGN,2017-07-20,2017-07-26,159.6595,158.1,4,-203.0998852319717,-0.01075789414347395,37.555032341450286,stop
TTWO,2017-09-18,2017-09-19,101.5014,100.72,1,-163.72033411323355,-0.008690717566457127,37.513211276206285,stop
NRG,2017-10-13,2017-10-19,21.3713,20.86,4,-468.3198183880195,-0.024902965886572398,37.14281868840935,stop
TTWO,2017-10-31,2017-11-01,110.12,108.99,1,-210.53682948372443,-0.011251361128645158,37.21353160366025,stop
TTWO,2017-11-01,2017-11-02,111.0209,108.9225,1,-371.1970217685521,-0.019881989990179857,36.96849577435382,stop
NRG,2017-11-13,2017-11-28,23.5335,23.5335,10,83.33257017276628,0.004481263844619864,37.27500139368528,stop
DLTR,2017-11-30,2017-12-01,104.5044,101.82,1,-496.23130040307296,-0.026661269764718068,36.728190440497016,stop
IBKR,2017-12-11,2017-12-14,14.5545,14.3005,3,-341.2762828716586,-0.018434219195232582,36.68480784950215,stop
URI,2018-01-04,2018-01-04,169.5294,165.58,0,-447.70898517029127,-0.024272727744621837,36.441757958302674,stop (entry day)
IR,2018-01-08,2018-01-10,36.9069,36.57,2,-185.62010014859334,-0.010118441363355692,36.5036957875777,stop
IBKR,2018-01-10,2018-01-17,14.9149,14.55,4,-467.0496083074213,-0.025441001951068815,36.248810026758974,stop
IR,2018-01-16,2018-01-18,37.5675,36.88,2,-359.104123607427,-0.019282875397983155,36.88648394918467,stop
IBKR,2018-01-23,2018-01-24,15.1952,15.12,1,-110.56673611328006,-0.005942673926863568,37.10046627056957,stop
IR,2018-01-22,2018-01-25,38.2782,37.76,3,-268.38766385051713,-0.01452522373024447,36.68608354791288,stop
IBKR,2018-01-24,2018-01-25,15.4955,15.2095,1,-360.72676925532505,-0.019438973750390335,36.75271605192486,stop
NTAP,2018-01-05,2018-01-31,47.2172,49.35,17,908.9712253241232,0.0495206510682451,37.620712433893935,close<SMA20
IBKR,2018-02-02,2018-02-02,15.8759,15.5,0,-452.8370322689916,-0.024651262986697915,36.286205365790195,stop (entry day)
TKO,2018-01-18,2018-02-06,29.8899,29.8899,13,95.55319824882827,0.005184370385140569,36.95771181852123,stop
TKO,2018-03-07,2018-03-08,34.7547,34.13,1,-343.4169557003188,-0.018957137332713137,35.88716308714767,stop
VEEV,2018-06-20,2018-06-21,84.124,83.83,1,-83.89334019041416,-0.004491819460881701,37.26989445514377,stop
VEEV,2018-06-21,2018-06-22,84.9749,82.855,1,-484.86367359828,-0.025922811195854698,36.92295170519313,stop
CMG,2018-06-18,2018-06-25,9.4094,9.2226,5,-384.6752760948184,-0.020829969614807688,36.54976653888205,stop
NFLX,2018-05-23,2018-07-13,33.9139,39.58,35,2406.6574118756107,0.1333567554051617,38.502623362271336,close<SMA20
TWLO,2018-07-13,2018-07-23,62.4023,62.4023,6,0.5725067108323856,3.122070422357167e-05,36.67542059379547,stop
AXON,2018-07-18,2018-07-25,71.071,69.31,5,-476.1796951726719,-0.02575326082368346,36.503528380262004,stop
CMG,2018-08-09,2018-08-10,9.7788,9.699,1,-166.902466280917,-0.00914920886258777,36.317534912560305,stop
CMG,2018-08-15,2018-08-16,10.1101,10.09,1,-54.37402165376625,-0.0029861227881029812,36.36341494499975,stop
TSCO,2018-08-24,2018-08-27,15.6456,15.46,1,-233.8954448063596,-0.012852790204037684,36.16196419031174,stop
TPL,2018-08-24,2018-08-29,80.7907,80.04,3,-187.1256278040055,-0.010282741666708721,36.208780823947734,stop
ALGN,2018-08-28,2018-09-05,385.385,378.162,5,-360.7254667458583,-0.01972355436771,36.21709005185072,stop
TKO,2018-08-29,2018-09-12,77.5875,77.5875,9,39.15241635727216,0.0021625821926751936,36.24817884770076,stop
TKO,2018-09-17,2018-09-19,80.5505,79.1,2,-342.741498542473,-0.018988964310201934,35.755971235329355,stop
KEYS,2019-04-02,2019-04-04,89.6496,88.39,2,-270.35756934880555,-0.015035768162163836,35.69133088439487,stop
FICO,2019-04-03,2019-04-04,277.277,274.81,1,-177.82191758011686,-0.009888342704227136,35.788005857402496,stop
KEYS,2019-04-09,2019-04-17,90.4379,90.4379,6,-13.837280257695966,-0.00077340720965229,35.7688359765086,stop
FICO,2019-04-23,2019-04-25,285.6554,280.38,2,-347.9169926196737,-0.019449135508987466,35.42888693238214,stop
KEYS,2019-04-24,2019-04-25,93.083,92.02,1,-221.63012485344007,-0.012408389545716063,35.50080899657597,stop
VEEV,2019-04-24,2019-04-25,137.6675,135.59,1,-287.1354501491005,-0.016075831388854052,35.43523810038411,stop
VEEV,2019-04-29,2019-04-30,140.14,140.0,1,-35.39904434171331,-0.0019980019980017955,35.3990443417169,stop
TWLO,2019-05-01,2019-05-01,142.3422,128.57,0,-1729.5265142669396,-0.09765740588525372,33.689061416602144,stop (entry day)
CDNS,2019-05-01,2019-05-02,69.7597,68.46,1,-347.33713149835967,-0.01961232912588916,35.07263437232645,stop
CDNS,2019-05-03,2019-05-06,70.06,68.62,1,-372.4102971601351,-0.02153311754683348,34.216789819348335,stop
KLAC,2019-05-03,2019-05-06,11.7617,11.4,1,-548.6890224831477,-0.03172572108742303,34.04033463884482,stop
GPN,2019-05-06,2019-05-07,139.1891,137.3656,1,-241.04960109073,-0.014087776902428465,33.97984191130859,stop
CMG,2019-05-07,2019-05-07,14.4344,14.13,0,-376.54496727875085,-0.02206877726988661,33.74779097726715,stop (entry day)
TSN,2019-05-07,2019-05-08,62.4224,61.3615,1,-306.73802025619807,-0.017977489111489737,33.81766780111355,stop
FICO,2019-05-09,2019-05-10,287.5745,281.0386,1,-401.22306856923024,-0.02370498572742192,33.449774704845126,stop
ERIE,2019-07-25,2019-07-26,232.0718,228.64,1,-265.70388494614235,-0.01577304682894734,33.42494015538959,stop
KLAC,2019-10-25,2019-10-31,15.6056,15.39,4,-248.54458238648294,-0.01480110652657133,33.33583497416819,stop
LRCX,2019-12-18,2019-12-30,27.077,27.077,7,31.920123061139748,0.0018865501411712685,33.87166222614985,stop
NVDA,2019-12-19,2019-12-30,5.7648,5.7648,6,69.6656799699631,0.004079299889206103,34.22547366843681,stop
URI,2019-12-19,2019-12-31,160.5804,160.5804,7,27.002428164221783,0.0015811372582037256,34.1827677106733,stop
STT,2020-01-02,2020-01-03,65.4454,64.4331,1,-284.6671436061624,-0.016451865283043786,34.321145556578934,stop
ALGN,2020-01-02,2020-01-06,281.8516,276.68,2,-334.47123071084206,-0.019330209868974532,34.2712916155332,stop
GE,2020-01-07,2020-01-08,58.7387,57.518,1,-380.310296796546,-0.021760516721904558,34.57350444493672,stop
ALGN,2020-01-06,2020-01-14,284.4241,284.4241,6,189.8799516547915,0.010982293538797457,34.76939370559334,stop
STT,2020-01-06,2020-01-15,65.5054,65.5054,7,48.2712970162429,0.0027919195718706085,34.62764330054974,stop
STT,2020-01-17,2020-01-17,68.2282,66.89,0,-365.07945848141026,-0.02059340307579743,35.09055255536421,stop (entry day)
FTNT,2020-01-17,2020-01-21,23.8839,23.4404,1,-346.547118969891,-0.019548030818794162,35.10910344576614,stop
DXCM,2020-01-31,2020-02-03,60.6005,59.5,1,-354.2425765303524,-0.019142403681551252,36.65673501491649,stop
DXCM,2020-02-12,2020-02-13,62.072,60.86,1,-397.6651602872844,-0.0205063441638185,38.38657384061159,stop
ARES,2020-02-12,2020-02-14,32.3924,31.9,2,-313.85816738889844,-0.016184680585174978,38.470464724393764,stop
TSLA,2019-12-12,2020-02-26,24.1041,51.92,50,14951.34096254925,0.8930125107450693,48.45151768737696,close<SMA20
DXCM,2020-02-13,2020-03-09,62.7327,66.63,16,1633.8524433207385,0.08566756364745834,39.7795417040078,close<SMA20
CDNS,2020-07-13,2020-07-13,101.8918,98.21,0,-726.2935880531513,-0.03709818033425458,38.42823217212444,stop (entry day)
SWKS,2020-07-21,2020-07-22,119.129,116.83,1,-398.71257555420016,-0.020279191441278512,38.9232622270942,stop
LULU,2020-07-20,2020-07-23,325.0848,317.0,3,-502.22571163273824,-0.025844828899392137,38.362006614974455,stop
LULU,2020-07-23,2020-07-23,331.2309,320.01,0,-651.8729225314128,-0.034842492050107636,36.765783981065795,stop (entry day)
A,2020-07-22,2020-07-24,92.4624,91.75,2,-169.08199708609027,-0.008696727111796847,38.71484020232214,stop
WSM,2020-07-23,2020-07-24,39.3093,37.78,1,-766.8069856162037,-0.039864642614833454,37.70299495340207,stop
HAS,2020-07-24,2020-07-24,63.6436,61.05,0,-788.4705501577955,-0.04171088427143784,37.01724333190171,stop (entry day)
KHC,2020-07-24,2020-07-27,25.9359,25.41,1,-401.8262800243756,-0.021257013923937734,37.40427463333656,stop
HD,2020-07-27,2020-07-28,229.8096,227.26,1,-226.31296933482008,-0.012083221247782484,37.232543794716435,stop
DD,2020-07-27,2020-07-28,61.9018,60.22,1,-96.23801107669306,-0.028142297547213514,6.743058007199025,stop
PFG,2020-07-28,2020-07-28,37.4074,34.54,0,-238.65432428948543,-0.07757588945707741,5.913909273429202,stop (entry day)
FLEX,2020-07-27,2020-07-29,8.0681,7.8179,2,-598.881513735163,-0.03197526793509964,36.859602308830205,stop
HD,2020-07-28,2020-07-29,230.5703,226.9,1,-316.9283990687545,-0.016902607681456162,37.18332491460595,stop
APTV,2020-07-27,2020-07-30,71.061,69.25,3,-495.57426907941044,-0.026459524416983043,36.96301296414127,stop
LOW,2020-07-29,2020-07-30,134.1941,132.35,1,-272.858549150882,-0.014727999137964756,36.77994246097056,stop
FICO,2020-07-29,2020-07-30,435.0646,415.8,1,-337.265435344294,-0.04523564694284599,14.573901290766978,stop
DECK,2020-07-22,2020-07-31,34.6746,33.04,7,-454.7476885622382,-0.023389932815452374,38.42888855920287,stop
LOW,2020-07-30,2020-07-31,134.2241,131.48,1,-398.1952185548871,-0.021423650553339578,36.77486696259223,stop
WSM,2020-07-31,2020-08-04,39.5495,38.3229,2,-591.9219367890801,-0.03198318310149302,36.42209581023656,stop
MKC,2020-08-04,2020-08-05,86.8067,86.17,1,-149.1916521938365,-0.0083275810904959,35.68142421086664,stop
CMG,2020-08-06,2020-08-07,23.7637,23.31,1,-185.34124705518298,-0.020074702046058227,18.279647152177837,stop
PANW,2020-08-05,2020-08-10,43.2232,42.91,3,-152.74440922289068,-0.008238403560311617,36.928209694175735,stop
CDNS,2020-07-20,2020-08-11,102.1821,105.18,16,554.3978086283896,0.028529635529047786,39.41968781643705,close<SMA20
FICO,2020-07-30,2020-08-11,441.3609,427.1405,8,-213.48304204526266,-0.033187343752702776,12.65164476726114,stop
DD,2020-08-11,2020-08-11,66.1561,64.21,0,-562.0434014393977,-0.03038722512167813,36.429515598444794,stop (entry day)
AMP,2020-08-11,2020-08-12,149.6695,147.99,1,-33.08982523338091,-0.012210301736786283,5.386867325039709,stop
NDSN,2020-08-12,2020-08-13,193.8837,191.33,1,-261.18044323720824,-0.014158075906229962,36.63350148821919,stop
SWKS,2020-07-30,2020-08-19,119.6896,121.85,14,500.02107001014156,0.02690207258660902,37.67398236656122,close<SMA20
APTV,2020-08-10,2020-08-19,72.2221,72.2221,7,137.89818464446216,0.007499442864827558,36.91365409763558,stop
APH,2020-08-12,2020-08-20,13.013,12.8,6,-37.5398923254088,-0.017351878890340216,4.289323392362973,stop
TER,2020-08-14,2020-08-20,90.1901,87.0,4,-117.67636971374895,-0.03633547362737152,6.359429091667919,stop
ODFL,2020-08-20,2020-08-25,95.9458,93.7,3,-445.36754977704186,-0.024384066637587524,36.08361396860043,stop
WSM,2020-08-07,2020-08-27,40.7707,40.7707,14,105.32740089671461,0.008429134148444354,25.096731908893375,stop
TSCO,2020-08-18,2020-08-27,27.7978,27.18,7,-110.17550030889743,-0.02320150141540124,9.386997041590714,stop
TSCO,2020-08-27,2020-08-27,27.998,27.22,0,-542.8705319642286,-0.028758870732413677,37.20988171624825,stop (entry day)
DELL,2020-08-28,2020-09-03,30.2002,29.84,4,-241.50044109873488,-0.012914165714961153,37.15915353538407,stop
ODFL,2020-08-28,2020-09-03,97.8377,96.41,4,-291.3217241374805,-0.015578344307625903,37.109282381191136,stop
ALGN,2020-09-03,2020-09-03,325.2049,314.52,0,-636.1439568303576,-0.03382298568213366,36.97933032686609,stop (entry day)
PYPL,2020-07-29,2020-09-04,182.142,182.142,27,452.14594014399336,0.024405337627858865,37.505672680484956,stop
LOW,2020-07-31,2020-09-04,134.3042,139.98,25,477.27754035075486,0.03519369502823356,27.6006826976077,close<SMA20
NOW,2020-08-20,2020-09-04,91.0309,91.0309,11,236.2496387921783,0.012934770255036252,36.76591345665771,stop
ALGN,2020-09-10,2020-09-11,329.1688,323.995,1,-299.3789506694702,-0.016702173267676118,35.549458515998595,stop
CMG,2020-08-13,2020-09-14,23.8939,25.34,21,978.7524099338989,0.05381819688480776,37.352314106581666,close<SMA20
CRL,2020-09-15,2020-09-16,222.192,221.8931,1,-41.53982824756167,-0.0023437530168167,35.4057285153887,stop
JCI,2020-09-15,2020-09-16,38.4885,37.94,1,-270.02811598024346,-0.015235479734829535,35.17701151065128,stop
VICI,2020-09-15,2020-09-17,17.8478,17.74,2,-124.69623075099662,-0.007035589200479537,35.32248887324312,stop
UPS,2020-10-08,2020-10-09,135.6455,133.89,1,-245.65637810404587,-0.01392895349060943,35.026901800164126,stop
GLW,2020-10-08,2020-10-09,30.3603,30.24,1,-87.46645374707805,-0.004959432259135493,35.18525007279372,stop
MOS,2020-10-08,2020-10-12,17.5375,16.87,2,-687.8307230308601,-0.03902433183255078,34.56289332841132,stop
UPS,2020-10-12,2020-10-14,135.9758,134.47,2,-212.3816791904901,-0.012063245941337598,34.99880614151131,stop
CARR,2020-10-09,2020-10-19,29.9499,29.9499,6,17.610214191336127,0.0010020080187193622,35.167509824165734,stop
UPS,2020-10-20,2020-10-21,136.8767,134.0433,1,-382.7142461980329,-0.021679756465650395,34.92307683042006,stop
UPS,2020-10-21,2020-10-21,137.0369,133.33,0,-489.4919310915393,-0.02802332802332806,34.44465684057114,stop (entry day)
DE,2020-10-08,2020-10-26,215.7255,215.7255,12,85.97463572688503,0.004874844739038943,35.35886477697186,stop
QCOM,2020-10-08,2020-10-28,109.2591,108.71,14,74.41688808555773,0.00421950930425506,35.34729546001358,stop
AES,2020-10-19,2020-10-28,15.976,15.93,7,61.33214227841745,0.003473500184026407,35.37574526244986,stop
CARR,2020-10-20,2020-10-28,30.8708,30.35,6,-228.07265191642364,-0.012919716470299849,35.07787322109234,stop
FDX,2020-11-24,2020-11-30,211.7816,205.8,3,-503.0240284544743,-0.029215809477661194,33.93156361362665,stop
FDX,2020-12-01,2020-12-02,213.7836,207.26,1,-538.9146725167084,-0.03148431846282648,33.69442723040218,stop
FDX,2020-12-04,2020-12-10,214.9247,210.1,4,-398.4548417937731,-0.02342592436207086,33.6194615769835,stop
AXON,2020-12-22,2020-12-28,130.5403,126.38,3,-555.9302020976211,-0.03283805518221756,33.30244648758675,stop
APTV,2020-12-30,2021-01-04,110.5304,109.03,2,-244.8932554537787,-0.014561149772162147,33.39142247931417,stop
SCHW,2021-01-04,2021-01-05,49.5195,48.2,1,-463.14809046024857,-0.027618833561829155,33.07499177086048,stop
IVZ,2021-01-07,2021-01-08,14.8248,14.54,1,-348.8018607647391,-0.02019250162396683,34.19854556019744,stop
UBER,2021-01-07,2021-01-08,56.076,53.7439,1,-669.775245779625,-0.042546359402084205,30.814077307351248,stop
FLEX,2021-01-06,2021-01-15,13.4534,13.4534,7,-2.28295485146009,-0.00013565898387323403,33.65500850096321,stop
GE,2021-01-12,2021-01-15,56.1861,55.12,3,-343.5331476228712,-0.01995599269784192,34.08522869390817,stop
UBER,2021-01-12,2021-01-15,56.3062,55.0,3,-167.84323533141742,-0.024175824175824045,13.717215743339057,stop
MCHP,2021-01-20,2021-01-21,68.7487,67.58,1,-311.6054307084669,-0.017982308896694426,34.3450050865803,stop
PWR,2021-01-20,2021-01-21,78.068,77.39,1,-167.66871985258695,-0.009675924793247241,34.489085878227826,stop
TPR,2021-01-04,2021-01-26,28.018,28.69,15,616.7329002535334,0.03677753115052189,34.15595372352692,close<SMA20
APTV,2021-01-04,2021-01-26,111.3913,114.95,15,817.3457151222683,0.0487406419963933,34.356767352024164,close<SMA20
ANET,2021-02-02,2021-02-03,20.04,19.67,1,-334.9997696560349,-0.019445589375659236,34.11978972426307,stop
ANET,2021-02-05,2021-02-08,20.1301,19.95,1,-175.6052330824714,-0.009938346089514634,35.16317923264933,stop
ANET,2021-02-08,2021-02-09,20.2602,19.91,1,-324.3127179561052,-0.01826977370455606,35.178051130454705,stop
TRMB,2021-02-09,2021-02-11,74.3543,73.445,2,-60.206782964014565,-0.013216791286258146,9.050392544566453,stop
AIG,2021-02-10,2021-02-11,37.2973,36.73,1,-74.36460805118713,-0.016193950976559627,9.109815311027255,stop
ANET,2021-02-16,2021-02-17,20.3303,19.72,1,-132.2305928602973,-0.030989689778463603,8.401489821433474,stop
AXON,2021-01-13,2021-02-18,136.8067,173.75,24,1047.2285051633444,0.2483057478118576,9.483277273245939,close<SMA20
PANW,2021-02-09,2021-02-18,65.2151,65.17,6,19.576016062364943,0.0011039996074533225,35.48344089973183,stop
P,2021-02-02,2021-02-23,24.6546,24.6546,14,540.4094248563924,0.031368916406370656,34.99607520425548,stop
ZBRA,2021-02-08,2021-03-08,419.6292,460.64,19,1648.2005157067833,0.11173270683420723,31.15244115812456,close<SMA20
RJF,2021-02-03,2021-03-09,64.7747,71.5,23,1617.9044934446974,0.09408533052482992,36.011837937724785,close<SMA20
GE,2021-02-22,2021-03-11,59.1391,59.1391,13,307.8531567539212,0.016698656624350626,37.1798057302892,stop
PSX,2021-02-11,2021-03-16,61.9219,69.2,22,971.8494909815108,0.10782900416751064,18.998593214827373,close<SMA20
IVZ,2021-01-11,2021-03-23,14.8949,18.92,49,3758.766717452094,0.2213451870709935,37.725503783994654,close<SMA20
MS,2021-02-22,2021-03-23,65.2852,66.7,21,205.59852863165543,0.02076384976568968,20.009331766506577,close<SMA20
FIX,2021-04-20,2021-04-21,79.5895,77.5558,1,-487.15627873792255,-0.026527350105745008,36.240997570195155,stop
EXE,2021-04-22,2021-04-23,36.9569,36.1,1,-441.39720661953106,-0.024163810187645345,36.09193974083266,stop
FIX,2021-04-26,2021-04-28,79.6896,79.27,2,-113.50959288396189,-0.00626028913932426,36.14978375040967,stop
EXE,2021-04-23,2021-04-30,36.9669,35.76,5,-611.0962988021165,-0.03361626188596132,35.74551172048206,stop
FITB,2021-04-30,2021-05-04,33.3533,32.8,2,-321.4032926605105,-0.0175730631913105,36.25739730893494,stop
EOG,2021-05-05,2021-05-06,59.8298,58.57,1,-404.7590442121582,-0.022034849874903513,36.33295302582535,stop
XOM,2021-05-07,2021-05-11,50.2802,49.58,2,-272.28716152132984,-0.014912620725879506,36.245157561841474,stop
WSM,2021-05-10,2021-05-11,85.105,83.48,1,-158.34801915081516,-0.0200751965042717,15.616998084233408,stop
FITB,2021-05-04,2021-05-12,33.6136,33.6136,6,34.06239280044974,0.0018711132524415267,36.44282462846589,stop
WFC,2021-04-26,2021-05-20,38.8989,40.31,18,602.8880491957098,0.03325052456550188,36.86689850724618,close<SMA20
EOG,2021-05-07,2021-05-25,60.6906,61.04,12,315.16254518510686,0.017260819338998437,36.83319530629235,close<SMA20
TXT,2021-06-08,2021-06-09,69.6696,69.08,1,-174.34142627440087,-0.009454338764683311,36.70624430031979,stop
COF,2021-04-28,2021-06-10,129.7797,144.29,30,1843.2936100828701,0.101015972072663,38.34026750039985,close<SMA20
EFX,2021-07-07,2021-07-08,236.8666,234.75,1,-185.68558102347015,-0.009927020956898538,37.22429772424955,stop
BX,2021-07-15,2021-07-19,85.4253,83.7324,2,-389.54843532569066,-0.020798473754417252,37.069428065800224,stop
EFX,2021-07-21,2021-07-22,247.5273,243.54,1,-320.1633205008293,-0.017092338266715402,37.142341429845246,stop
RMD,2021-09-09,2021-09-10,285.6253,282.19,1,-250.19494062635204,-0.013015406826298951,38.19555851699251,stop
FTNT,2021-06-08,2021-09-13,44.8048,59.38,67,4600.012063443395,0.24945346208751046,41.485376922659924,close<SMA20
DXCM,2021-09-16,2021-09-17,140.0799,138.95,1,-172.26591352226387,-0.009058327694886324,37.862415672141495,stop
MPWR,2021-10-22,2021-10-25,502.7923,492.44,1,-409.4434692644136,-0.02156900615958125,37.556094267113295,stop
ALB,2021-10-29,2021-11-26,231.8416,251.03,19,1652.203730727404,0.08741325597247204,39.4560276265327,close<SMA20
PANW,2021-12-27,2021-12-28,94.5645,93.46,1,-243.62214495352964,-0.012667865637062094,38.219186180425595,stop
ON,2021-12-27,2022-01-04,67.3373,67.3373,6,182.82297489941266,0.009506430057232697,38.646058172270386,stop
F,2022-01-03,2022-01-19,15.8658,16.56,11,1138.638571572672,0.05907846097120565,39.68647342267832,close<SMA20
CAH,2022-10-27,2022-11-01,70.6306,70.18,3,-143.37801799159206,-0.007372729311504478,38.75066684360259,stop
CEG,2022-10-27,2022-11-08,87.5575,86.87,8,88.72817652560843,0.004562546176813928,38.98300537665284,stop
UHS,2023-02-01,2023-02-03,150.2301,146.5493,2,-495.1576865641,-0.025476126683875853,38.37667508478336,stop
DD,2023-02-09,2023-02-09,90.8908,88.37,0,-555.103660100398,-0.028706645777130113,38.11860583257862,stop (entry day)
BA,2023-02-14,2023-02-16,219.189,213.4729,2,-520.1077002870334,-0.027052179224760248,37.93159513730095,stop
WST,2023-03-31,2023-04-03,342.0617,339.58,1,-157.71744005322398,-0.008247926719189808,38.08630486238991,stop
WST,2023-04-04,2023-04-05,345.6453,344.13,1,-102.69921075120874,-0.005379590001657714,38.078291125886196,stop
GE,2023-04-24,2023-04-25,78.7287,77.96,1,-206.36456930018176,-0.010753518572972083,38.17431308170322,stop
GE,2023-04-25,2023-04-25,79.8898,77.06,0,-696.8997826421219,-0.03638599215594576,37.6083790823359,stop (entry day)
WST,2023-04-11,2023-04-26,352.0317,352.0317,11,69.92983802445451,0.0036670101395418985,38.210013251132274,stop
NVDA,2023-05-01,2023-05-03,28.048,27.69,2,-259.95417288818135,-0.013751772852415115,37.54646488709322,stop
GE,2023-05-02,2023-05-04,79.9399,78.4833,2,-364.38743426707515,-0.01920216177962431,37.588036966852215,stop
WST,2023-05-03,2023-05-04,370.5001,364.85,1,-305.90815048168224,-0.01623475813625192,37.37940482612258,stop
NVDA,2023-05-18,2023-05-24,30.3403,30.11,4,-160.65596090254257,-0.008583300566144418,37.2737622215334,stop
MRVL,2023-07-18,2023-07-20,64.9349,63.6,2,-403.01941288898524,-0.021536502652581002,37.02324967560823,stop
P,2023-07-19,2023-07-20,39.029,38.11,1,-461.1155339285542,-0.02452279702856782,37.14555183981968,stop
ISRG,2023-07-13,2023-07-21,348.9786,335.91,6,-717.7107120902256,-0.03841077604092819,36.65188740935871,stop
PHM,2023-07-26,2023-07-27,82.2922,81.16,1,-270.8411283529058,-0.014744652015056918,36.466465413694664,stop
PHM,2023-07-27,2023-08-02,82.9629,81.06,4,-437.9678231217622,-0.02391358641358612,36.19083486525933,stop
P,2023-09-05,2023-09-07,39.1841,38.48,2,-345.44156347212265,-0.018952180786387027,36.10826643935149,stop
APO,2023-09-15,2023-09-18,87.6476,86.85,1,-183.2229709702042,-0.010090526193769732,36.13247064926128,stop
WSM,2024-01-23,2024-01-24,101.6015,100.23,1,-262.49243540684984,-0.01448531763802678,35.97983257433403,stop
EXPE,2024-02-07,2024-02-09,153.8537,128.82,2,-2953.750722517372,-0.16354835795304226,33.164152641532276,stop
GDDY,2024-02-06,2024-02-13,110.1951,108.49,5,-297.3733605710113,-0.016457857444367657,35.83991965416905,stop
GDDY,2024-02-26,2024-02-27,115.1851,114.03,1,-191.91623466286546,-0.011017920985766568,34.64503140907949,stop
EFX,2024-02-29,2024-03-01,263.5733,262.49,1,-88.74279312857834,-0.005105979812599299,34.671541556700326,stop
TT,2024-03-04,2024-03-05,281.9316,280.01,1,-138.03541739690263,-0.007809197725760624,35.21387159468149,stop
AVGO,2024-03-01,2024-03-08,129.0789,128.37,5,-112.62798512275185,-0.006486882640430244,34.612135302856466,stop
FICO,2024-03-08,2024-03-08,1337.7214,1300.45,0,-510.58680622527754,-0.028833982496287658,34.90456601800358,stop (entry day)
PHM,2024-03-01,2024-03-11,108.5384,108.5384,6,53.81383321750036,0.003099443003736142,34.778743729623486,stop
LEN,2024-03-01,2024-03-14,138.6485,138.6485,9,124.67374062147064,0.007180665825402815,34.8496745678657,stop
FITB,2024-03-05,2024-03-14,32.5625,32.5625,7,81.63046525478785,0.004656290604569271,35.14419165636757,stop
KEY,2024-03-05,2024-03-14,13.2232,12.92,7,-407.7513454139116,-0.023907205587750616,33.70304196269103,stop
SYF,2024-03-08,2024-03-15,40.1801,39.76,5,-96.46328764404461,-0.011445953149989028,16.75889689662788,stop
ULTA,2024-03-14,2024-03-15,573.1926,504.0,1,-2101.9717797693775,-0.12159371486674055,32.46964999931573,stop
ALGN,2024-03-21,2024-03-21,331.341,321.27,0,-529.1226405437974,-0.0313643035010969,33.21081764289538,stop (entry day)
KKR,2024-03-21,2024-04-01,100.3002,98.017,6,-400.51514388562646,-0.023740958271420805,33.339553875786436,stop
META,2024-04-04,2024-04-09,519.6691,506.27,3,-458.4025824993514,-0.02675821722340068,33.80373812128545,stop
GM,2024-03-21,2024-04-12,41.9319,41.9319,15,217.05942191990835,0.012866426543139266,33.957746634350535,stop
GDDY,2024-03-12,2024-04-15,116.4263,121.42,23,646.8690663895504,0.037064882499497055,35.55223876942712,close<SMA20
CAT,2024-03-20,2024-04-15,343.0627,352.32,17,445.577759395459,0.02648139675450588,34.09819168839668,close<SMA20
EME,2024-05-07,2024-05-14,375.2649,368.22,5,-330.3962671663976,-0.019754339394766958,33.119806679521204,stop
FIX,2024-05-07,2024-05-14,335.1248,328.54,5,-345.0272161419234,-0.02062912146845332,33.10516108495111,stop
WSM,2024-05-09,2024-05-17,154.174,150.0618,6,-468.6497937239983,-0.02764605968714222,33.434465733982876,stop
WSM,2024-05-22,2024-05-22,167.2971,135.37,0,-3270.634803441497,-0.19165003009914142,30.85745116697244,stop (entry day)
CEG,2024-05-07,2024-06-03,196.156,205.48,18,969.7879765271791,0.05798346631935124,34.42129240894421,close<SMA20
P,2024-05-15,2024-06-24,56.9068,62.82,26,1555.8678471157073,0.09178960880807854,35.458199514454066,close<SMA20
NTAP,2024-07-09,2024-07-15,126.086,124.75,4,-189.8347637076822,-0.011585032941018892,32.58242471753691,stop
TER,2024-07-05,2024-07-17,151.6715,151.6715,8,77.28809861904483,0.004727841192598236,32.77227747941087,stop
GL,2024-08-23,2024-09-11,97.8778,97.8778,12,201.20944079260153,0.012325286341802962,32.85130415591782,stop
IRM,2024-10-09,2024-10-10,113.123,111.41,1,-263.9334605145905,-0.016127753319152435,32.46617950290171,stop
IRM,2024-10-14,2024-11-01,113.2732,113.59,14,105.15881200584954,0.006446562451334567,32.730067747377085,close<SMA20
LULU,2025-01-28,2025-02-03,415.2348,403.235,4,-490.7863407981986,-0.029869978148749515,32.370268455769356,stop
WFC,2025-02-06,2025-02-07,77.5875,76.94,1,-153.816888326146,-0.009337198732115276,32.793178828040396,stop
TWLO,2025-01-24,2025-02-14,137.6775,131.86,15,-269.66754463841426,-0.016510172973746667,32.39692975604052,stop
PM,2025-06-03,2025-06-04,173.8036,170.8365,1,-291.59265045209577,-0.018054642930332827,32.009274027960195,stop
NRG,2025-06-27,2025-06-30,161.2611,159.72,1,-169.72482180723455,-0.010546994904536524,32.014626669605505,stop
MOS,2025-07-08,2025-07-09,36.4965,35.68,1,-374.93826667567373,-0.02334856586090808,31.741317809260444,stop
GEV,2025-07-09,2025-07-10,536.3058,528.57,1,-246.29890622745006,-0.015409754028937277,31.72011048119152,stop
PWR,2025-07-14,2025-07-16,387.9876,381.13,2,-297.28347425325774,-0.018657116876931074,31.570555216551437,stop
FIX,2025-07-17,2025-07-21,549.3388,542.94,2,-200.59996688097272,-0.012636518895743557,31.548475933660264,stop
HWM,2025-07-18,2025-07-21,189.149,187.98,1,-115.12102641565798,-0.007173922605760097,31.97909981069003,stop
PWR,2025-07-17,2025-07-22,390.0897,386.45,3,-163.8433705935131,-0.010321087688293257,31.5852693233374,stop
APH,2025-07-14,2025-07-23,49.6296,49.6296,7,127.63011405500947,0.008009896819598478,31.99589414378694,stop
APH,2025-07-23,2025-07-23,53.2232,49.94,0,-989.7412333177544,-0.06262516870002288,30.617716957254267,stop (entry day)
ULTA,2025-07-23,2025-08-01,505.3298,505.3298,7,78.70953629966061,0.00498028961827067,31.687237247161583,stop
CEG,2025-07-30,2025-08-01,341.2509,329.26,2,-570.3565282805102,-0.036102965996486144,31.025207814320016,stop
NRG,2025-07-31,2025-08-01,166.2361,160.19,1,-595.1668606524036,-0.03733401541554714,31.287625712821256,stop
APH,2025-08-05,2025-08-13,54.024,54.024,6,87.73735595888866,0.005638691908425336,31.207611515000558,stop
DELL,2025-08-11,2025-08-13,137.2671,135.31,2,-236.82815090648728,-0.015243561951065536,30.83551329212041,stop
APH,2025-08-13,2025-08-14,55.6456,54.05,1,-464.52207114854355,-0.029645475948767985,30.873523848067563,stop
AVGO,2025-08-07,2025-08-15,304.4642,304.4642,6,34.6597405188495,0.0022285443383549355,31.13999898923501,stop
STX,2025-08-12,2025-08-15,156.3562,150.9498,3,-553.802199544567,-0.035542674142300966,30.608338244525733,stop
KLAC,2025-08-14,2025-08-15,94.6145,91.73,1,-483.03405747639044,-0.03145658826996088,30.22766676353746,stop
GS,2025-08-15,2025-08-15,731.3706,712.81,0,-400.1167757709609,-0.026352507122790657,29.96601853776022,stop (entry day)
LVS,2025-08-15,2025-08-18,53.3333,52.51,1,-249.32539139322762,-0.01642107892107895,30.11696086446466,stop
META,2025-08-15,2025-08-18,793.0222,771.94,1,-418.4212923781979,-0.027558079929234484,29.947695698313538,stop
HAS,2025-08-15,2025-08-19,77.7977,76.95,2,-180.46156498971322,-0.011885566826379772,30.185893623627337,stop
HAS,2025-08-19,2025-08-19,78.6586,76.87,0,-354.3342800105129,-0.02371578535996934,29.52706522696128,stop (entry day)
FIX,2025-07-25,2025-08-20,664.1335,664.1335,18,156.28797474525345,0.010002033021314223,31.4077171754803,stop
STX,2025-08-18,2025-08-20,156.7366,152.69,2,-400.3959420431511,-0.026791895038159035,29.48856658316442,stop
FERG,2025-08-18,2025-08-21,227.9377,224.3259,3,-251.5154686522601,-0.016829781046778212,29.637596086058206,stop
CCL,2025-08-28,2025-08-29,31.9819,31.77,1,-59.835811950692914,-0.007620548465618769,15.643927201289237,stop
HAS,2025-08-22,2025-09-02,78.7887,77.3114,6,-287.76887948278636,-0.019731253260895202,28.88081170531832,stop
CFG,2025-08-29,2025-09-02,50.7307,49.9,1,-265.8375632153038,-0.01735793803670673,30.364012478361232,stop
LVS,2025-08-22,2025-09-04,53.4634,53.4634,8,186.16657541066343,0.01276475710210031,29.355221570076523,stop
AVGO,2025-09-05,2025-09-05,352.9025,331.85,0,-596.6466093284616,-0.060595765034851486,19.09545927986759,stop (entry day)
CCL,2025-09-11,2025-09-12,32.2822,31.4349,1,-108.94283774496398,-0.027221783925732986,7.895048575282102,stop
NCLH,2025-09-12,2025-09-15,27.1471,26.645,1,-151.0320326754918,-0.01947775675651774,15.356987010860873,stop
SYF,2025-08-22,2025-09-16,72.3122,73.31,16,276.1101514940983,0.018931857179365644,29.445255179769653,close<SMA20
WYNN,2025-08-22,2025-09-16,112.3122,119.56,16,14.213294824240165,0.07683259254114881,0.3842087651358902,close<SMA20
IVZ,2025-09-05,2025-09-16,21.5816,21.5816,7,12.791891122047673,0.0008335277894645479,30.706211863847656,stop
APH,2025-09-19,2025-09-22,61.031,60.22,1,-229.09955027354408,-0.014274556016396215,31.86971211521127,stop
FLEX,2025-09-04,2025-09-25,54.8848,54.8848,15,182.00270014453417,0.011946768852158332,30.651156771856563,stop
HPE,2025-08-21,2025-09-26,21.2813,23.58,25,1402.5117107314582,0.09576018995115888,30.696111349025102,close<SMA20
STX,2025-08-21,2025-10-08,157.7075,223.04,33,4835.665786382495,0.3301678486540436,34.13270201534245,close<SMA20
IVZ,2025-09-30,2025-10-10,22.3123,22.3123,8,170.40305077182347,0.01072741894713645,31.94023266629123,stop
FIX,2025-09-10,2025-10-22,732.0313,789.1,30,623.55742287063,0.06741383531004763,19.12359032557301,close<SMA20
GLW,2025-10-27,2025-10-28,87.9479,83.58,1,-802.0852431257463,-0.050614534566275925,30.891013712748702,stop
GOOGL,2025-10-28,2025-12-15,269.7094,307.62,33,1739.6268871492302,0.110899492431559,33.11443568132562,close<SMA20
GOOG,2025-10-28,2025-12-15,270.3601,308.72,33,1753.0435230976236,0.11175478969547636,33.127865747340024,close<SMA20
LLY,2026-01-08,2026-01-08,1113.4023,1079.97,0,-558.4367888108172,-0.030997116055868378,35.47257220009399,stop (entry day)
CAT,2026-01-13,2026-01-14,629.9793,629.16,1,-42.23437568552981,-0.0022992975880875626,36.694523437185254,stop
GOOGL,2026-01-08,2026-01-16,328.6583,328.6583,6,29.512505612950918,0.0016381488109552468,36.06111003235002,stop
GOOG,2026-01-08,2026-01-16,328.9486,328.9486,6,30.697637688859686,0.0017039318632801202,36.062296350744326,stop
CAT,2026-01-15,2026-01-16,641.661,640.13,1,-62.642630787133385,-0.003383640165643697,36.964100330672466,stop
CAT,2026-01-16,2026-01-20,649.0484,637.12,1,-352.7946526270571,-0.019359912142145094,36.09278261823944,stop
CAT,2026-01-22,2026-01-23,652.3517,638.5,1,-402.2762002190393,-0.022212251458837245,35.818467206981694,stop
ECHO,2025-12-05,2026-01-29,76.086,113.46,36,7786.96411007495,0.4697256762445552,40.95016122762903,close<SMA20
MRK,2026-02-06,2026-02-09,120.0699,118.0,1,-322.9643720184431,-0.018222294587446643,35.123916141497254,stop
JBHT,2026-02-04,2026-02-12,219.6895,219.6895,6,180.61570805007796,0.010221133482182931,35.522451905261214,stop
EQIX,2026-04-23,2026-04-27,1098.5875,1087.2,2,-200.33245242601333,-0.011355208495956915,35.0841828927683,stop
UNH,2026-07-08,2026-07-09,427.9976,421.24,1,-295.2432165047576,-0.01677301579072025,34.90904406181624,stop
UNH,2026-07-09,2026-07-14,428.5581,420.92,3,-329.9009372414366,-0.018805033520190046,34.756254243967106,stop
FFIV,2026-07-09,2026-07-15,427.9675,418.12,4,-420.80944930133046,-0.023987006117333006,34.66525473239564,stop
ELV,2026-07-14,2026-07-15,434.7843,391.08,1,-1769.5099531042833,-0.10141908281657329,33.12376363244148,stop
FFIV,2026-07-15,2026-07-16,434.3689,419.34,1,-605.9962721105148,-0.03556487067842464,33.47179339344349,stop
WST,2026-07-23,2026-07-23,385.1347,355.25,0,-1328.3656456852295,-0.07851797325481524,32.50630217615977,stop (entry day)
CSCO,2026-08-10,2026-08-11,123.8537,121.8,1,-292.50307738843367,-0.01756531676518729,33.01185485430345,stop
ILMN,2026-08-20,2026-09-01,207.207,207.207,8,393.08236145755654,0.023688496286322348,33.58112521690327,stop
TMO,2026-09-30,2026-10-01,683.663,671.63,1,-309.45480329060774,-0.018583147503467234,32.99515460021922,stop
ZBRA,2026-09-29,2026-10-07,378.4981,378.4981,6,63.43708061248253,0.0038049103387883016,33.40838306261822,stop
CRL,2026-10-05,2026-10-08,303.6083,293.9609,3,-542.9522155003178,-0.03274415281062765,32.61984563972745,stop
