episode_number,slug,title,guest,page_url,audio_url,youtube_url,youtube_id,pub_date,duration_sec,categories,tags
327,327-david-capablanca,327 · David Capablanca - From Skid Row Showers to Short Selling Master,David Capablanca,https://chatwithtraders.com/episode/327-david-capablanca,https://chrt.fm/track/E6BB91/traffic.megaphone.fm/CWT6980012965.mp3,https://www.youtube.com/watch?v=YskGZx_b7tY,YskGZx_b7tY,2026-07-08,5191,stocks,Short seller;short selling;how to short stocks
325,325-jack-schwager-george-coyle,325 · Jack Schwager & George Coyle - The 3 Timeless Rules Shared by 100 Years of Market Wizards,Jack Schwager & George Coyle,https://chatwithtraders.com/episode/325-jack-schwager-george-coyle,https://chrt.fm/track/E6BB91/traffic.megaphone.fm/CWT9308941344.mp3,https://www.youtube.com/watch?v=LT8DKDQTzuU,LT8DKDQTzuU,2026-06-10,4398,stocks;futures,
323,323-alex-temiz,323 · Alex Temiz - Starbucks Barista to 8-figure Short Selling Strategy,Alex Temiz,https://chatwithtraders.com/episode/323-alex-temiz,https://chrt.fm/track/E6BB91/traffic.megaphone.fm/CWT1384626442.mp3,https://www.youtube.com/watch?v=vP6GK_HsnDM,vP6GK_HsnDM,2026-05-13,3727,stocks,
322,322-stephen-kalayjian,322 · Stephen Kalayjian - What 43 Years in the Markets Teaches You,Stephen Kalayjian,https://chatwithtraders.com/episode/322-stephen-kalayjian,https://chrt.fm/track/E6BB91/traffic.megaphone.fm/CWT7235299037.mp3,https://www.youtube.com/watch?v=AIcm2ZqhVqk,AIcm2ZqhVqk,2026-04-29,4072,stocks,
321,321-eduardo-briceno,"321 · Eduardo Briceño - $1,900 Small Cap Trader Hit $2.9 Mil in Profits",Eduardo Briceño,https://chatwithtraders.com/episode/321-eduardo-briceno,https://chrt.fm/track/E6BB91/traffic.megaphone.fm/CWT5304334405.mp3,https://www.youtube.com/watch?v=KuGCeyZQhbQ,KuGCeyZQhbQ,2026-04-15,6302,stocks,
318,318-dave-mabe,318 · Dave Mabe - The Shift to Systematic Trading — Building Backtested Confidence,Dave Mabe,https://chatwithtraders.com/episode/318-dave-mabe,https://chrt.fm/track/E6BB91/traffic.megaphone.fm/CWT9409211707.mp3,https://www.youtube.com/watch?v=Z11E6Rl5OdY,Z11E6Rl5OdY,2026-02-27,3382,stocks,quant and algo
312,312-vincent-bruzzese-aka-hari-seldon,312 · Vincent Bruzzese - Battling Irrational Markets - and the Battle Within,Vincent Bruzzese,https://chatwithtraders.com/episode/312-vincent-bruzzese-aka-hari-seldon,https://chrt.fm/track/E6BB91/traffic.megaphone.fm/CWT1271293436.mp3,,,2025-11-29,5332,options-trading;stocks,
309,309-diego-ivan-cortes-lopez,309 · Diego Ivan Cortes Lopez - Winning Through Losing: When 30% Is Enough,Diego Ivan Cortes Lopez,https://chatwithtraders.com/episode/309-diego-ivan-cortes-lopez,https://chrt.fm/track/E6BB91/traffic.megaphone.fm/CWT1469380062.mp3,https://www.youtube.com/watch?v=D7brUyY3UWA,D7brUyY3UWA,2025-10-21,3790,stocks,intraday
307,307-mario-dimitroff,307 · Mario Dimitroff - The Gamer’s Edge: High-Win Scalping in Pre-Market Madness,Mario Dimitroff,https://chatwithtraders.com/episode/307-mario-dimitroff,https://chrt.fm/track/E6BB91/traffic.megaphone.fm/CWT1013427472.mp3,https://www.youtube.com/watch?v=KGPoAR8Epg0,KGPoAR8Epg0,2025-09-15,4420,stocks,scalping;gamer
305,305-when-story-fundamentals-and-technicals-align-w-julian-komar,"305 · Julian Komar - When Story, Fundamentals, and Technicals Align",Julian Komar,https://chatwithtraders.com/episode/305-when-story-fundamentals-and-technicals-align-w-julian-komar,https://chrt.fm/track/E6BB91/traffic.megaphone.fm/CWT5368905072.mp3,https://www.youtube.com/watch?v=hWx_d6gAhPQ,hWx_d6gAhPQ,2025-08-20,5442,stocks,position sizing;technicals;breakout;fundamentals;systematic
303,303-chris-vermeulen-from-tick-to-trend-day-trading-to-wave-riding,"303 · Chris Vermeulen - From Tick to Trend, Day Trading to Wave Riding",Chris Vermeulen,https://chatwithtraders.com/episode/303-chris-vermeulen-from-tick-to-trend-day-trading-to-wave-riding,https://chrt.fm/track/E6BB91/traffic.megaphone.fm/CWT4462863835.mp3,https://www.youtube.com/watch?v=Rmuqqd5bjW8,Rmuqqd5bjW8,2025-07-23,4119,stocks,swing trading;position trading
295,295-steve-ruffley-animal-speed-size-and-being-right-at-the-right-time,"295 · Steve Ruffley - Animal Speed, Size, and Being Right at the Right Time",Steve Ruffley,https://chatwithtraders.com/episode/295-steve-ruffley-animal-speed-size-and-being-right-at-the-right-time,https://chrt.fm/track/E6BB91/traffic.megaphone.fm/CWT9584553794.mp3,https://www.youtube.com/watch?v=CpWJ2Zn2GvM,CpWJ2Zn2GvM,2025-02-18,4404,stocks,scalping
294,294-ross-haber-stock-leaders-and-timeless-strategies-still-effective-today,294 · Ross Haber - Stock Leaders and Timeless Strategies Still Effective Today,Ross Haber,https://chatwithtraders.com/episode/294-ross-haber-stock-leaders-and-timeless-strategies-still-effective-today,https://chrt.fm/track/E6BB91/traffic.megaphone.fm/CWT3034084124.mp3,https://www.youtube.com/watch?v=28LOSLtoJdA,28LOSLtoJdA,2025-01-28,4596,stocks,technicals;fundamentals;canslim
293,293-rick-bandazian-jr-the-art-of-the-wait-merger-arbitrage-killer-moves,293 · Rick Bandazian Jr. - The Art of the Wait: Merger-Arbitrage Killer Moves,Rick Bandazian Jr.,https://chatwithtraders.com/episode/293-rick-bandazian-jr-the-art-of-the-wait-merger-arbitrage-killer-moves,https://chrt.fm/track/E6BB91/traffic.megaphone.fm/CWT6468621279.mp3,https://www.youtube.com/watch?v=HOYS3rdl1C8,HOYS3rdl1C8,2024-12-19,3987,stocks,market wizards;new market wizards;merger-acquisition;news-based;market wizard
292,292-laurens-bensdorp-running-55-systematic-trading-strategies-simultaneously,292 · Laurens Bensdorp - Running 55+ Systematic Trading Strategies Simultaneously,Laurens Bensdorp,https://chatwithtraders.com/episode/292-laurens-bensdorp-running-55-systematic-trading-strategies-simultaneously,https://chrt.fm/track/E6BB91/traffic.megaphone.fm/CWT3232523796.mp3,https://www.youtube.com/watch?v=eQGfCT6-lxs,eQGfCT6-lxs,2024-12-05,3580,stocks,trend-following;quant and algo;systematic;mean reversion
291,291-sam-miesse-small-cap-quant-trader-grows-10k-into-38m-in-3-years,291 · Sam Miesse - Small Cap Quant Trader Grows $10K into $3.8M in 3 Years,Sam Miesse,https://chatwithtraders.com/episode/291-sam-miesse-small-cap-quant-trader-grows-10k-into-38m-in-3-years,https://chrt.fm/track/E6BB91/traffic.megaphone.fm/CWT1072468938.mp3,https://www.youtube.com/watch?v=ZCmCoYRJwi0,ZCmCoYRJwi0,2024-11-12,4187,stocks,quant and algo;small cap
290,290-mark-ritchie-ii-price-action-swing-trading-equities-from-the-long-side,"290 · Mark Ritchie II - Price-Action, Swing Trading Equities from the Long Side",Mark Ritchie II,https://chatwithtraders.com/episode/290-mark-ritchie-ii-price-action-swing-trading-equities-from-the-long-side,https://chrt.fm/track/E6BB91/traffic.megaphone.fm/CWT4716314139.mp3,https://www.youtube.com/watch?v=MtI1PThXoaU,MtI1PThXoaU,2024-10-24,3602,stocks,price-action;fundamentals;canslim
287,287-robb-reinhold-consistency-beats-intelligence-every-time,287 · Robb Reinhold - Consistency Beats Intelligence Every Time,Robb Reinhold,https://chatwithtraders.com/episode/287-robb-reinhold-consistency-beats-intelligence-every-time,https://chrt.fm/track/E6BB91/traffic.megaphone.fm/CWT2633584757.mp3,https://www.youtube.com/watch?v=phVGWccsGPk,phVGWccsGPk,2024-09-12,4203,options-trading;stocks,position sizing;prop firm;process-driven;systematic;probabilities;poker
286,286-jason-shapiro-overcrowded-trades-what-everyone-else-is-not-seeing,286 · Jason Shapiro - Overcrowded Trades: What Everyone Else is Not Seeing,Jason Shapiro,https://chatwithtraders.com/episode/286-jason-shapiro-overcrowded-trades-what-everyone-else-is-not-seeing,https://chrt.fm/track/E6BB91/traffic.megaphone.fm/CWT6679157440.mp3,https://www.youtube.com/watch?v=s1T_anYeGUk,s1T_anYeGUk,2024-08-28,3755,stocks;futures,shorting;news-based;contrarian;counter-trend
283,283-trading-football-dreams-for-stock-market-touchdowns,283: Trading Football Dreams for Stock Market Touchdowns,Trading Football Dreams for Stock Market Touchdowns,https://chatwithtraders.com/episode/283-trading-football-dreams-for-stock-market-touchdowns,https://chrt.fm/track/E6BB91/traffic.megaphone.fm/CWT9940960772.mp3,https://www.youtube.com/watch?v=rcIC_VjprQ0,rcIC_VjprQ0,2024-06-19,3447,stocks,shorting;small cap;parabolic
282,282-tony-greer-staying-selective-and-being-adaptable-in-the-trading-landscape,282: Tony Greer - Staying Selective and Being Adaptable in the Trading Landscape,Tony Greer,https://chatwithtraders.com/episode/282-tony-greer-staying-selective-and-being-adaptable-in-the-trading-landscape,https://chrt.fm/track/E6BB91/traffic.megaphone.fm/CWT8565969341.mp3,https://www.youtube.com/watch?v=gK8fS36VRtM,gK8fS36VRtM,2024-06-04,4515,stocks;futures,intraday;macro
281,281-marsten-parker-the-purely-systematic-wizard-trader,281: Marsten Parker - The Purely Systematic Wizard Trader,Marsten Parker,https://chatwithtraders.com/episode/281-marsten-parker-the-purely-systematic-wizard-trader,https://chrt.fm/track/E6BB91/traffic.megaphone.fm/CWT3069169425.mp3,https://www.youtube.com/watch?v=vhx3yeFBlNA,vhx3yeFBlNA,2024-05-21,4107,stocks,quant and algo;market wizards;shorting;ipo;systematic;automation;programmers
279,279-saad-filali-front-running-news-flow-trading,279: Saad Filali - Front-Running News Flow Trading,Saad Filali,https://chatwithtraders.com/episode/279-saad-filali-front-running-news-flow-trading,https://chrt.fm/track/E6BB91/traffic.megaphone.fm/CWT9964638086.mp3,https://www.youtube.com/watch?v=oX19-a89i-c,oX19-a89i-c,2024-04-24,4089,stocks,merger-acquisition;news-based;macro
277,277-garrett-drinon-musician-turned-trader-trains-algos-to-find-unicorns,277: Garrett Drinon - Musician Turned Trader Trains Algos to Find Unicorns,Garrett Drinon,https://chatwithtraders.com/episode/277-garrett-drinon-musician-turned-trader-trains-algos-to-find-unicorns,https://chrt.fm/track/E6BB91/traffic.megaphone.fm/CWT6247940576.mp3,https://www.youtube.com/watch?v=bkrEV_hjdqQ,bkrEV_hjdqQ,2024-03-14,4215,stocks,quant and algo;systematic
276,276-will-gogolak-contextualization-within-a-framework-of-conditional-probabilities,276: Will Gogolak - Contextualization Within a Framework of Conditional Probabilities,Will Gogolak,https://chatwithtraders.com/episode/276-will-gogolak-contextualization-within-a-framework-of-conditional-probabilities,https://chrt.fm/track/E6BB91/traffic.megaphone.fm/CWT8605681079.mp3,https://www.youtube.com/watch?v=9UH-GHz6O6Y,9UH-GHz6O6Y,2024-02-20,3621,stocks;futures,quant and algo;statistics
274,274-gary-norden-keeping-the-lost-art-of-order-flow-trading-alive,274: Gary Norden - Keeping the Lost Art of Order Flow Trading Alive,Gary Norden,https://chatwithtraders.com/episode/274-gary-norden-keeping-the-lost-art-of-order-flow-trading-alive,https://chrt.fm/track/E6BB91/traffic.megaphone.fm/CWT5113278184.mp3,https://www.youtube.com/watch?v=7xRfeYvK_hE,7xRfeYvK_hE,2024-01-23,4476,options-trading;stocks;futures,scalping;order flow
271,271-tom-basso-the-sweet-balance-between-risk-and-reward,271: Tom Basso - The Sweet Balance Between Risk and Reward,Tom Basso,https://chatwithtraders.com/episode/271-tom-basso-the-sweet-balance-between-risk-and-reward,https://chrt.fm/track/E6BB91/traffic.megaphone.fm/CWT6621615890.mp3,https://www.youtube.com/watch?v=g5gNiDO-CSc,g5gNiDO-CSc,2023-11-30,4442,stocks,author;correlations;30+ trading years
269,269-rob-hanna-reducing-anxiety-and-drawdowns-through-quantifiable-edges,269: Rob Hanna - Reducing Anxiety and Drawdowns through Quantifiable Edges,Rob Hanna,https://chatwithtraders.com/episode/269-rob-hanna-reducing-anxiety-and-drawdowns-through-quantifiable-edges,https://chrt.fm/track/E6BB91/traffic.megaphone.fm/CWT8037096352.mp3,https://www.youtube.com/watch?v=CiXWgFkSwF8,CiXWgFkSwF8,2023-10-25,4723,stocks,quant and algo;statistics;systematic
268,268-bryan-holdford-is-loss-control-all-it-takes-to-become-consistent,268: Bryan Holdford - Is Loss Control All It Takes to Become Consistent?,Bryan Holdford,https://chatwithtraders.com/episode/268-bryan-holdford-is-loss-control-all-it-takes-to-become-consistent,https://chrt.fm/track/E6BB91/traffic.megaphone.fm/CWT6711278371.mp3,https://www.youtube.com/watch?v=ls9NeEoEmRc,ls9NeEoEmRc,2023-10-05,5590,options-trading;stocks,intraday;parabolic
267,267-dan-mcdermitt-an-edge-with-correlations-across-time-frames,267: Dan McDermitt - An Edge with Correlations Across Time Frames,Dan McDermitt,https://chatwithtraders.com/episode/267-dan-mcdermitt-an-edge-with-correlations-across-time-frames,https://chrt.fm/track/E6BB91/traffic.megaphone.fm/CWT3184433344.mp3,https://www.youtube.com/watch?v=GYLCzvz_LL8,GYLCzvz_LL8,2023-09-21,4430,stocks,technicals;correlations;fundamentals
265,265-peter-stolcers-taking-a-top-down-approach-to-day-trading,265: Peter Stolcers - Taking a Top-Down Approach to Day Trading,Peter Stolcers,https://chatwithtraders.com/episode/265-peter-stolcers-taking-a-top-down-approach-to-day-trading,https://chrt.fm/track/E6BB91/traffic.megaphone.fm/CWT5701632185.mp3,https://www.youtube.com/watch?v=EjmDRU3cN7g,EjmDRU3cN7g,2023-08-16,4466,options-trading;stocks,intraday;top-down
264,264-gabriel-bullo-contest-winner-one-traders-unwavering-dedication,264: Gabriel Bullo - Contest Winner: One Trader's Unwavering Dedication,Gabriel Bullo,https://chatwithtraders.com/episode/264-gabriel-bullo-contest-winner-one-traders-unwavering-dedication,https://chrt.fm/track/E6BB91/traffic.megaphone.fm/CWT4705078431.mp3,https://www.youtube.com/watch?v=16A_tIJTJzQ,16A_tIJTJzQ,2023-08-02,2752,stocks;community,prop firm;community
261,261-humbled-trader-lamborghini-money-quest-teaches-valuable-lessons,261: Humbled Trader - Lamborghini Money Quest Teaches Valuable Lessons,Humbled Trader,https://chatwithtraders.com/episode/261-humbled-trader-lamborghini-money-quest-teaches-valuable-lessons,https://chrt.fm/track/E6BB91/traffic.megaphone.fm/CWT6257311027.mp3,https://www.youtube.com/watch?v=yx1EOGZwXd4,yx1EOGZwXd4,2023-06-20,3644,stocks,intraday
260,260-patrick-petersson-breathing-in-breathing-out-intuitive-hits-on-the-markets,"260: Patrick Petersson - Breathing In, Breathing Out Intuitive Hits on the Markets",Patrick Petersson,https://chatwithtraders.com/episode/260-patrick-petersson-breathing-in-breathing-out-intuitive-hits-on-the-markets,https://chrt.fm/track/E6BB91/traffic.megaphone.fm/CWT3216171048.mp3,https://www.youtube.com/watch?v=FlYsJpQKJ7Q,FlYsJpQKJ7Q,2023-06-06,4611,stocks;futures,scalping;community
259,259-lukas-frohlich-executing-agenda-trading-strategy-for-stratospheric-returns,259: Lukas Frohlich (The Short Bear) - Executing Agenda Trading Strategy for Stratospheric Returns,Lukas Frohlich (The Short Bear),https://chatwithtraders.com/episode/259-lukas-frohlich-executing-agenda-trading-strategy-for-stratospheric-returns,https://chrt.fm/track/E6BB91/traffic.megaphone.fm/CWT4999116120.mp3,https://www.youtube.com/watch?v=NoYIKx-_-4Y,NoYIKx-_-4Y,2023-05-16,5231,stocks,trend-following;technicals;quant and algo;market wizards;fundamentals;shorting;small cap;new market wizards;market wizard;8-figure plus;large cap;covid
257,257-david-capablanca-crafting-the-art-of-shorting-scams,257: David Capablanca - Crafting the Art of Shorting Scams,David Capablanca,https://chatwithtraders.com/episode/257-david-capablanca-crafting-the-art-of-shorting-scams,https://chrt.fm/track/E6BB91/traffic.megaphone.fm/CWT8229252412.mp3,https://www.youtube.com/watch?v=E1VkQl4BzQg,E1VkQl4BzQg,2023-04-11,4058,stocks,penny stocks;shorting;small cap
255,255-vincent-bruzzese-aka-hari-seldon,255: Vincent Bruzzese (aka Hari Seldon) - From Working in Hollywood to Burning the Gambler's Mindset,Vincent Bruzzese (aka Hari Seldon),https://chatwithtraders.com/episode/255-vincent-bruzzese-aka-hari-seldon,https://chrt.fm/track/E6BB91/traffic.megaphone.fm/CWT9025205963.mp3,https://www.youtube.com/watch?v=xqDk3WSpEhQ,xqDk3WSpEhQ,2023-03-14,4516,options-trading;stocks,intraday;statistics
254,254-christian-carreon,"254: Christian Carreon - Kidney Disease, Poverty, and Jail Time to Going All In On the Markets",Christian Carreon,https://chatwithtraders.com/episode/254-christian-carreon,https://chrt.fm/track/E6BB91/traffic.megaphone.fm/CWT5080424218.mp3,https://www.youtube.com/watch?v=5cyJWommOqE,5cyJWommOqE,2023-02-21,4325,stocks;futures,position sizing;7-figure;systematic;health
249,249-jack-kellogg-valet-driver-turns-20k-into-11mil-over-6-years-after-wipe-out,249: Jack Kellogg - Valet Driver Turns $20K into $11Mil over 6 years After Wipe Out,Jack Kellogg,https://chatwithtraders.com/episode/249-jack-kellogg-valet-driver-turns-20k-into-11mil-over-6-years-after-wipe-out,https://chrt.fm/track/E6BB91/traffic.megaphone.fm/CWT8214444449.mp3,https://www.youtube.com/watch?v=cj4X2fgAuHk,cj4X2fgAuHk,2022-12-06,3767,stocks,penny stocks;intraday;shorting
245,245-jason-shapiro-the-mind-of-a-tape-reading-contrarian-trader,245: Jason Shapiro - The Mind of a Tape Reading Contrarian Trader,Jason Shapiro,https://chatwithtraders.com/episode/245-jason-shapiro-the-mind-of-a-tape-reading-contrarian-trader,https://chrt.fm/track/E6BB91/traffic.megaphone.fm/CWT7050791249.mp3,https://www.youtube.com/watch?v=7p5pk_gxLg8,7p5pk_gxLg8,2022-10-11,3432,stocks;futures,market wizards;shorting;news-based;contrarian;counter-trend
239,239-nicholas-bradburn-my-first-year-trading-full-time,239: Nicholas Bradburn – My First Year Trading Full-Time,Nicholas Bradburn,https://chatwithtraders.com/episode/239-nicholas-bradburn-my-first-year-trading-full-time,https://chrt.fm/track/E6BB91/traffic.megaphone.fm/CWT8604798136.mp3,https://www.youtube.com/watch?v=AONSeknN8S8,AONSeknN8S8,2022-07-29,3057,stocks;community,community
236,236-lance-breitstein-the-ultimate-day-trader-pt-3,"236: Lance Breitstein – The Ultimate Day Trader, Pt. 3",Lance Breitstein,https://chatwithtraders.com/episode/236-lance-breitstein-the-ultimate-day-trader-pt-3,https://chrt.fm/track/E6BB91/traffic.megaphone.fm/CWT4212175489.mp3,https://www.youtube.com/watch?v=S12sK6nC-OQ,S12sK6nC-OQ,2022-06-27,5040,stocks,prop firm;market wizards;new market wizards;market wizard;8-figure plus
235,235-chris-cady-a-lifetime-student-of-markets,235: Chris Cady – A Lifetime Student of Markets,Chris Cady,https://chatwithtraders.com/episode/235-chris-cady-a-lifetime-student-of-markets,https://chrt.fm/track/E6BB91/traffic.megaphone.fm/CWT7555014605.mp3,https://www.youtube.com/watch?v=DjHDlf1D9LM,DjHDlf1D9LM,2022-06-13,4303,stocks,30+ trading years;mean reversion
233,233-kenny-sharkness-blowout-loss-creates-a-cold-blooded-killer,233: Kenny Sharkness – Blowout Loss Creates a Cold-Blooded Killer,Kenny Sharkness,https://chatwithtraders.com/episode/233-kenny-sharkness-blowout-loss-creates-a-cold-blooded-killer,https://chrt.fm/track/E6BB91/traffic.megaphone.fm/CWT6788704784.mp3,,,2022-04-28,3223,stocks,prop firm;market wizards;new market wizards;market wizard;8-figure plus
232,232-nishant-porbanderwalla-trade-recap-manic-meme-stock-profound-profit,"232: Nishant Porbanderwalla – Trade Recap: Manic Meme-Stock, Profound Profit",Nishant Porbanderwalla,https://chatwithtraders.com/episode/232-nishant-porbanderwalla-trade-recap-manic-meme-stock-profound-profit,https://chrt.fm/track/E6BB91/traffic.megaphone.fm/CWT4313899527.mp3,https://www.youtube.com/watch?v=EqKwJwlfIyM,EqKwJwlfIyM,2022-04-12,2192,stocks,prop firm;merger-acquisition;news-based;meme stocks
231,231-james-chen-obscure-edges-outsized-alpha,"231: James Chen – Obscure Edges, Outsized Alpha",James Chen,https://chatwithtraders.com/episode/231-james-chen-obscure-edges-outsized-alpha,https://chrt.fm/track/E6BB91/traffic.megaphone.fm/CWT7425288088.mp3,https://www.youtube.com/watch?v=MgkV58s_Y2I,MgkV58s_Y2I,2022-03-28,3775,stocks,australian market
229,229-lance-breitstein-the-ultimate-day-trader-pt-2,"229: Lance Breitstein – The Ultimate Day Trader, Pt. 2",Lance Breitstein,https://chatwithtraders.com/episode/229-lance-breitstein-the-ultimate-day-trader-pt-2,https://chrt.fm/track/E6BB91/traffic.megaphone.fm/CWT7722410111.mp3,https://www.youtube.com/watch?v=d3mmLd_VO0w,d3mmLd_VO0w,2022-02-22,3205,stocks,prop firm;intraday;discretionary;market wizards;8-figure plus
228,228-lance-breitstein-the-ultimate-day-trader-pt-1,"228: Lance Breitstein – The Ultimate Day Trader, Pt. 1",Lance Breitstein,https://chatwithtraders.com/episode/228-lance-breitstein-the-ultimate-day-trader-pt-1,https://chrt.fm/track/E6BB91/traffic.megaphone.fm/CWT2637072420.mp3,https://www.youtube.com/watch?v=a3wL0OktSrA,a3wL0OktSrA,2022-02-09,4207,stocks,intraday;discretionary;8-figure plus
227,227-chase-galbraith-trade-recap-swing-the-rumor-sell-the-news,"227: Chase Galbraith – Trade Recap: Swing the Rumor, Sell the News",Chase Galbraith,https://chatwithtraders.com/episode/227-chase-galbraith-trade-recap-swing-the-rumor-sell-the-news,https://chrt.fm/track/E6BB91/traffic.megaphone.fm/CWT4961888362.mp3,https://www.youtube.com/watch?v=lrQJi3V4214,lrQJi3V4214,2022-01-26,1852,stocks,australian market;swing trading;fundamentals;small cap;merger-acquisition;news-based
224,224-best-of-day-trading-pt-2,"224: Best of Day Trading, Pt. 2","Best of Day Trading, Pt. 2",https://chatwithtraders.com/episode/224-best-of-day-trading-pt-2,https://chrt.fm/track/E6BB91/traffic.megaphone.fm/CWT3420802951.mp3,https://www.youtube.com/watch?v=KGXTzoDNL4E,KGXTzoDNL4E,2021-11-25,5268,stocks;futures,intraday;shorting;arbitrage
223,223-best-of-day-trading-pt-1,"223: Best of Day Trading, Pt. 1","Best of Day Trading, Pt. 1",https://chatwithtraders.com/episode/223-best-of-day-trading-pt-1,https://chrt.fm/track/E6BB91/traffic.megaphone.fm/CWT2271117449.mp3,https://www.youtube.com/watch?v=-YRBNgTtd58,-YRBNgTtd58,2021-11-09,4906,stocks;futures,intraday;shorting;parabolic
222,222-luke-cummings-mergers-acquisitions-the-ultimate-game-of-poker,222: Luke Cummings – Mergers & Acquisitions: The Ultimate Game of Poker,Luke Cummings,https://chatwithtraders.com/episode/222-luke-cummings-mergers-acquisitions-the-ultimate-game-of-poker,https://chrt.fm/track/E6BB91/traffic.megaphone.fm/CWT5224552444.mp3,https://www.youtube.com/watch?v=4JX9UjpZQso,4JX9UjpZQso,2021-10-14,4898,stocks,australian market;position sizing;swing trading;position trading;arbitrage;merger-acquisition;news-based
218,218-shaun-factor-the-ways-of-a-small-cap-whale,218: Shaun Factor – The Ways of a Small Cap Whale,Shaun Factor,https://chatwithtraders.com/episode/218-shaun-factor-the-ways-of-a-small-cap-whale,https://chrt.fm/track/E6BB91/traffic.megaphone.fm/CWT6626047731.mp3,https://www.youtube.com/watch?v=XDoUzIS16QA,XDoUzIS16QA,2021-07-20,4297,stocks,australian market;small cap
216,216-jim-mellon-becoming-an-opportunistic-billionaire-investor,"216: Jim Mellon – Becoming an Opportunistic, Billionaire Investor",Jim Mellon,https://chatwithtraders.com/episode/216-jim-mellon-becoming-an-opportunistic-billionaire-investor,https://chrt.fm/track/E6BB91/traffic.megaphone.fm/CWT4672320252.mp3,https://www.youtube.com/watch?v=UpOtgESh8G8,UpOtgESh8G8,2021-06-03,2436,stocks,investor;30+ trading years;fund manager;8-figure plus
212,212-kristjan-kullamagi-breakouts-home-runs-exponential-returns,"212: Kristjan Kullamägi – Breakouts, Home Runs & Exponential Returns",Kristjan Kullamägi,https://chatwithtraders.com/episode/212-kristjan-kullamagi-breakouts-home-runs-exponential-returns,https://chrt.fm/track/E6BB91/traffic.megaphone.fm/CWT7632491976.mp3,https://www.youtube.com/watch?v=K0F73Sq90j0,K0F73Sq90j0,2021-02-26,4829,stocks,breakout;swing trading;momentum;market wizards;new market wizards;market wizard;8-figure plus
211,211-stan-gluzman-one-bias-one-objective-make-money,"211: Stan Gluzman – One Bias, One Objective: Make Money",Stan Gluzman,https://chatwithtraders.com/episode/211-stan-gluzman-one-bias-one-objective-make-money,https://chrt.fm/track/E6BB91/traffic.megaphone.fm/CWT3574486484.mp3,https://www.youtube.com/watch?v=fwh8Sdu4Ses,fwh8Sdu4Ses,2021-02-05,3413,stocks,prop firm;shorting;scalping
210,210-ryan-hasson-scalp-scalp-swing-maximizing-market-opportunities,"210: Ryan Hasson – Scalp, Scalp, Swing—Maximizing Market Opportunities",Ryan Hasson,https://chatwithtraders.com/episode/210-ryan-hasson-scalp-scalp-swing-maximizing-market-opportunities,https://chrt.fm/track/E6BB91/traffic.megaphone.fm/CWT8158294833.mp3,https://www.youtube.com/watch?v=TzOvqLFfo2E,TzOvqLFfo2E,2021-01-21,3614,stocks,prop firm;swing trading;process-driven;intraday;shorting;scalping
209,209-neeraj-monga-contrarian-stances-on-fundamental-inflection-points,209: Neeraj Monga – Contrarian Stances on Fundamental Inflection Points,Neeraj Monga,https://chatwithtraders.com/episode/209-neeraj-monga-contrarian-stances-on-fundamental-inflection-points,https://chrt.fm/track/E6BB91/traffic.megaphone.fm/CWT9479583402.mp3,https://www.youtube.com/watch?v=Fdall-X0qcA,Fdall-X0qcA,2020-12-31,3591,stocks,analyst;research
206,206-dan-david-the-investigative-research-of-an-activist-short-seller,206: Dan David – The Investigative Research of an Activist Short Seller,Dan David,https://chatwithtraders.com/episode/206-dan-david-the-investigative-research-of-an-activist-short-seller,https://chrt.fm/track/E6BB91/traffic.megaphone.fm/CWT9258364384.mp3,https://www.youtube.com/watch?v=xCWxNt1tajc,xCWxNt1tajc,2020-11-12,4044,stocks;financial-industry,shorting;analyst;research
205,205-michael-katz-day-trading-the-questions-you-want-answered,205: Michael Katz – Day Trading: The Questions You Want Answered,Michael Katz,https://chatwithtraders.com/episode/205-michael-katz-day-trading-the-questions-you-want-answered,https://chrt.fm/track/E6BB91/traffic.megaphone.fm/CWT6012260821.mp3,https://www.youtube.com/watch?v=2FpJ3f55Om8,2FpJ3f55Om8,2020-10-22,4152,stocks,prop firm;intraday;shorting;ipo;parabolic
204,204-brian-lee-esports-pro-attains-high-score-playing-the-stock-market,204: Brian Lee – Esports Pro Attains High Score Playing the Stock Market,Brian Lee,https://chatwithtraders.com/episode/204-brian-lee-esports-pro-attains-high-score-playing-the-stock-market,https://chrt.fm/track/E6BB91/traffic.megaphone.fm/CWT9274054524.mp3,https://www.youtube.com/watch?v=9ZxeTUJVUQg,9ZxeTUJVUQg,2020-10-07,4406,stocks,intraday;gamer
203,203-bob-bright-the-pursuit-of-edge,203: Bob Bright – The Pursuit of Edge,Bob Bright,https://chatwithtraders.com/episode/203-bob-bright-the-pursuit-of-edge,https://chrt.fm/track/E6BB91/traffic.megaphone.fm/CWT8721567415.mp3,https://www.youtube.com/watch?v=BaKbriULvOk,BaKbriULvOk,2020-09-18,4516,stocks,prop firm;correlations;30+ trading years
202,202-wayne-himelsein-betting-against-stability,202: Wayne Himelsein – Betting Against Stability,Wayne Himelsein,https://chatwithtraders.com/episode/202-wayne-himelsein-betting-against-stability,https://chrt.fm/track/E6BB91/traffic.megaphone.fm/CWT9869003384.mp3,https://www.youtube.com/watch?v=HaFm6hG-x9o,HaFm6hG-x9o,2020-09-04,4080,stocks,prop firm;quant and algo;statistics;hedge fund;volatility;arbitrage
201,201-hayden-beamish-the-legwork-execution-and-management-of-institutional-investments,"201: Hayden Beamish – The Legwork, Execution and Management of Institutional Investments",Hayden Beamish,https://chatwithtraders.com/episode/201-hayden-beamish-the-legwork-execution-and-management-of-institutional-investments,https://chrt.fm/track/E6BB91/traffic.megaphone.fm/CWT6409128099.mp3,https://www.youtube.com/watch?v=CgqA6B-gXUs,CgqA6B-gXUs,2020-08-21,5009,stocks,australian market;hedge fund;institutional
197,197-haim-ben-ami-accelerating-high-speed-traders-to-higher-speeds,197: Haim Ben Ami – Accelerating High-Speed Traders to Higher Speeds,Haim Ben Ami,https://chatwithtraders.com/episode/197-haim-ben-ami-accelerating-high-speed-traders-to-higher-speeds,https://chrt.fm/track/E6BB91/traffic.megaphone.fm/CWT9545584214.mp3,https://www.youtube.com/watch?v=HHio7K2wFkI,HHio7K2wFkI,2020-06-19,3071,stocks;futures,high-frequency;quant and algo
196,196-ryan-trost-my-first-year-trading-full-time,196: Ryan Trost – My First Year Trading Full-Time...,Ryan Trost,https://chatwithtraders.com/episode/196-ryan-trost-my-first-year-trading-full-time,https://chrt.fm/track/E6BB91/traffic.megaphone.fm/CWT6563715549.mp3,https://www.youtube.com/watch?v=ahSTzg9pVP4,ahSTzg9pVP4,2020-06-05,4647,stocks,prop firm;intraday;parabolic
195,195-ilan-israelstam-the-inner-workings-of-an-etf-manager,195: Ilan Israelstam – The Inner Workings of an ETF Manager,Ilan Israelstam,https://chatwithtraders.com/episode/195-ilan-israelstam-the-inner-workings-of-an-etf-manager,https://chrt.fm/track/E6BB91/traffic.megaphone.fm/CWT7772853264.mp3,https://www.youtube.com/watch?v=50Iz6O0ovcQ,50Iz6O0ovcQ,2020-05-22,4057,stocks,australian market;shorting;fund manager
194,194-liam-vaughan-bedroom-trader-amasses-fortune-becomes-prime-suspect-of-flash-crash,"194: Liam Vaughan – Bedroom Trader Amasses Fortune, Becomes Prime Suspect of Flash Crash",Liam Vaughan,https://chatwithtraders.com/episode/194-liam-vaughan-bedroom-trader-amasses-fortune-becomes-prime-suspect-of-flash-crash,https://chrt.fm/track/E6BB91/traffic.megaphone.fm/CWT5489094952.mp3,https://www.youtube.com/watch?v=GiOBXjL52eg,GiOBXjL52eg,2020-05-08,3245,stocks,author;flash crash
191,191-nishant-porbanderwalla-extreme-volatility-trading-markets-during-a-global-pandemic,191: Nishant Porbanderwalla – Extreme Volatility—Trading Markets During a Global Pandemic,Nishant Porbanderwalla,https://chatwithtraders.com/episode/191-nishant-porbanderwalla-extreme-volatility-trading-markets-during-a-global-pandemic,https://chrt.fm/track/E6BB91/traffic.megaphone.fm/CWT6695453112.mp3,,,2020-03-23,2224,stocks,fundamentals;volatility;macro
187,187-josh-evans-my-first-year-trading-full-time,187: Josh Evans – My First Year Trading Full-Time...,Josh Evans,https://chatwithtraders.com/episode/187-josh-evans-my-first-year-trading-full-time,https://chrt.fm/track/E6BB91/traffic.megaphone.fm/CWT3704272542.mp3,https://www.youtube.com/watch?v=nG1JmFEzpOM,nG1JmFEzpOM,2020-01-24,3911,stocks,intraday
184,184-mike-mangieri-behind-the-scenes-of-an-equities-day-trading-firm,184: Mike Mangieri – Behind the Scenes of an Equities Day Trading Firm,Mike Mangieri,https://chatwithtraders.com/episode/184-mike-mangieri-behind-the-scenes-of-an-equities-day-trading-firm,https://chrt.fm/track/E6BB91/traffic.megaphone.fm/CWT5094724792.mp3,https://www.youtube.com/watch?v=909MnLG2pus,909MnLG2pus,2019-11-28,4509,stocks,prop firm;intraday
182,182-nico-inefficientmrkt-an-eight-year-overnight-success-story-three-years-later,"182: Nico, @InefficientMrkt – An Eight Year Overnight Success Story: Three Years Later","Nico, @InefficientMrkt",https://chatwithtraders.com/episode/182-nico-inefficientmrkt-an-eight-year-overnight-success-story-three-years-later,https://chrt.fm/track/E6BB91/traffic.megaphone.fm/CWT7169587292.mp3,,,2019-10-30,4571,stocks,prop firm;intraday;shorting;micro cap
178,178-nick-radge-the-blueprint-create-a-simple-trend-following-system,178: Nick Radge – The Blueprint: Create a Simple Trend Following System,Nick Radge,https://chatwithtraders.com/episode/178-nick-radge-the-blueprint-create-a-simple-trend-following-system,https://chrt.fm/track/E6BB91/traffic.megaphone.fm/CWT3148262286.mp3,https://www.youtube.com/watch?v=EUUd2kq1Mh4,EUUd2kq1Mh4,2019-08-06,5470,stocks,trend-following;australian market;managing losses;breakout;momentum
176,176-alex-tagrtrades-can-the-family-breadwinner-become-a-full-time-trader,"176: Alex, @TAGRtrades – Can the Family Breadwinner Become a Full-Time Trader?","Alex, @TAGRtrades",https://chatwithtraders.com/episode/176-alex-tagrtrades-can-the-family-breadwinner-become-a-full-time-trader,https://chrt.fm/track/E6BB91/traffic.megaphone.fm/CWT4600937692.mp3,https://www.youtube.com/watch?v=bE0HR6KiiZA,bE0HR6KiiZA,2019-06-21,3173,stocks,momentum;intraday
174,174-nishant-porbanderwalla-opportunity-meets-experience-defining-moments-of-one-traders-career,174: Nishant Porbanderwalla – Opportunity Meets Experience—Defining Moments of One Traders' Career,Nishant Porbanderwalla,https://chatwithtraders.com/episode/174-nishant-porbanderwalla-opportunity-meets-experience-defining-moments-of-one-traders-career,https://chrt.fm/track/E6BB91/traffic.megaphone.fm/CWT4473910171.mp3,https://www.youtube.com/watch?v=Qrqlr27oVbo,Qrqlr27oVbo,2019-05-08,4209,stocks,prop firm
173,173-michael-katz-riding-price-action-a-complete-breakdown-of-the-lyft-ipo,173: Michael Katz – Riding Price Action—A Complete Breakdown of the Lyft IPO,Michael Katz,https://chatwithtraders.com/episode/173-michael-katz-riding-price-action-a-complete-breakdown-of-the-lyft-ipo,https://chrt.fm/track/E6BB91/traffic.megaphone.fm/CWT2615130946.mp3,https://www.youtube.com/watch?v=osuvozRlw8Y,osuvozRlw8Y,2019-04-09,3553,stocks,price-action;intraday;shorting;ipo
171,171-stan-gluzman-raid-the-money-box,"171: Stan Gluzman – Raid the ""Money Box""",Stan Gluzman,https://chatwithtraders.com/episode/171-stan-gluzman-raid-the-money-box,https://chrt.fm/track/E6BB91/traffic.megaphone.fm/CWT1730805210.mp3,https://www.youtube.com/watch?v=puDBc5vi4Nw,puDBc5vi4Nw,2019-02-16,4724,stocks,position sizing;intraday;statistics;shorting;dark pool
165,165-michael-samuels-speculating-on-mergers-and-a-case-of-excessive-due-diligence,165: Michael Samuels – Speculating on Mergers—and a Case of “Excessive” Due Diligence,Michael Samuels,https://chatwithtraders.com/episode/165-michael-samuels-speculating-on-mergers-and-a-case-of-excessive-due-diligence,https://chrt.fm/track/E6BB91/traffic.megaphone.fm/CWT6693799854.mp3,https://www.youtube.com/watch?v=WR5WS2EdfTk,WR5WS2EdfTk,2018-09-10,3792,stocks,fund manager;arbitrage;merger-acquisition;news-based
164,164-nick-fabrio-how-to-scalp-asx-stocks-and-make-a-pretty-penny,164: Nick Fabrio – How to Scalp ASX Stocks and Make a Pretty Penny,Nick Fabrio,https://chatwithtraders.com/episode/164-nick-fabrio-how-to-scalp-asx-stocks-and-make-a-pretty-penny,https://chrt.fm/track/E6BB91/traffic.megaphone.fm/CWT8465237241.mp3,,,2018-08-01,5156,stocks,australian market;intraday;scalping
162,162-mike-bellafiore-the-formula-for-how-to-become-a-7-figure-day-trader,162: Mike Bellafiore – The Formula for How to Become a 7-Figure Day Trader,Mike Bellafiore,https://chatwithtraders.com/episode/162-mike-bellafiore-the-formula-for-how-to-become-a-7-figure-day-trader,https://chrt.fm/track/E6BB91/traffic.megaphone.fm/CWT7512377907.mp3,https://www.youtube.com/watch?v=92yuV6UQUDU,92yuV6UQUDU,2018-05-12,4402,stocks,prop firm;7-figure
158,158-phil-ozarktrades-short-hype-stocks-long-farmland,"158: Phil, @OzarkTrades – Short Hype Stocks, Long Farmland","Phil, @OzarkTrades",https://chatwithtraders.com/episode/158-phil-ozarktrades-short-hype-stocks-long-farmland,https://chrt.fm/track/E6BB91/traffic.megaphone.fm/CWT2565580693.mp3,https://www.youtube.com/watch?v=8OHO2qmsQOU,8OHO2qmsQOU,2018-02-10,3673,stocks,shorting;parabolic
157,157-alex-tagrtrades-what-this-day-trader-learned-after-returning-1400-in-one-year,"157: Alex, @TAGRtrades – What This Day Trader Learned After Returning 1400% in One Year","Alex, @TAGRtrades",https://chatwithtraders.com/episode/157-alex-tagrtrades-what-this-day-trader-learned-after-returning-1400-in-one-year,https://chrt.fm/track/E6BB91/traffic.megaphone.fm/CWT1814831279.mp3,https://www.youtube.com/watch?v=ukCJ5J9N4vw,ukCJ5J9N4vw,2018-01-27,3734,stocks,breakout;intraday
156,156-michael-katz-day-trader-green-every-month-talks-consistency-strategy-and-doing-size,"156: Michael Katz – Day Trader, Green Every Month, Talks Consistency, Strategy and Doing Size",Michael Katz,https://chatwithtraders.com/episode/156-michael-katz-day-trader-green-every-month-talks-consistency-strategy-and-doing-size,https://chrt.fm/track/E6BB91/traffic.megaphone.fm/CWT9043802542.mp3,https://www.youtube.com/watch?v=zTLBb9KqDaE,zTLBb9KqDaE,2018-01-13,3608,stocks,prop firm;momentum;intraday;dark pool
150,150-aaron-brown-pt-2-a-lesson-in-risk-taking-with-the-former-risk-manager-of-a-200b-fund,"150: Aaron Brown, Pt. 2 – A Lesson in Risk Taking—with the Former Risk Manager of a $200B Fund","Aaron Brown, Pt. 2",https://chatwithtraders.com/episode/150-aaron-brown-pt-2-a-lesson-in-risk-taking-with-the-former-risk-manager-of-a-200b-fund,https://chrt.fm/track/E6BB91/traffic.megaphone.fm/CWT3552373764.mp3,https://www.youtube.com/watch?v=bSOJW3RELXw,bSOJW3RELXw,2017-11-09,3899,stocks;financial-industry,general financial markets;risk management;author
149,149-aaron-brown-pt-1-a-lesson-in-risk-taking-with-the-former-risk-manager-of-a-200b-fund,"149: Aaron Brown, Pt. 1 – A Lesson in Risk Taking—with the Former Risk Manager of a $200B Fund","Aaron Brown, Pt. 1",https://chatwithtraders.com/episode/149-aaron-brown-pt-1-a-lesson-in-risk-taking-with-the-former-risk-manager-of-a-200b-fund,https://chrt.fm/track/E6BB91/traffic.megaphone.fm/CWT1110891980.mp3,https://www.youtube.com/watch?v=qttBNpZ47e8,qttBNpZ47e8,2017-11-02,3607,stocks;financial-industry,general financial markets;risk management;author
142,142-bert-mouler-using-creative-thought-and-automation-to-bypass-human-flaws,142: Bert Mouler – Using Creative Thought and Automation to Bypass Human Flaws,Bert Mouler,https://chatwithtraders.com/episode/142-bert-mouler-using-creative-thought-and-automation-to-bypass-human-flaws,https://chrt.fm/track/E6BB91/traffic.megaphone.fm/CWT7058457742.mp3,https://www.youtube.com/watch?v=ofL66mh6Tw0,ofL66mh6Tw0,2017-09-14,4268,stocks;futures,quant and algo;correlations;systematic;automation;arbitrage
129,129-victor-haghani-optimal-bet-sizing-lessons-from-a-biased-coin-flip-experiment,129: Victor Haghani – Optimal Bet Sizing—Lessons From a Biased Coin Flip Experiment,Victor Haghani,https://chatwithtraders.com/episode/129-victor-haghani-optimal-bet-sizing-lessons-from-a-biased-coin-flip-experiment,https://chrt.fm/track/E6BB91/traffic.megaphone.fm/CWT9013871527.mp3,https://www.youtube.com/watch?v=5NC12DhaFV8,5NC12DhaFV8,2017-06-15,2557,stocks;financial-industry,general financial markets
128,128-andy-kershner-risk-tolerance-daily-habits-and-trade-critiques,"128: Andy Kershner – Risk Tolerance, Daily Habits and Trade Critiques",Andy Kershner,https://chatwithtraders.com/episode/128-andy-kershner-risk-tolerance-daily-habits-and-trade-critiques,https://chrt.fm/track/E6BB91/traffic.megaphone.fm/CWT8048319656.mp3,https://www.youtube.com/watch?v=6nuEHhTozsE,6nuEHhTozsE,2017-06-08,2976,stocks,general financial markets;prop firm;mindset
124,124-max-madaznfootballr-when-chasing-a-quick-buck-becomes-making-a-quick-buck,"124: Max, @Madaznfootballr – When Chasing a Quick Buck Becomes Making a Quick Buck","Max, @Madaznfootballr",https://chatwithtraders.com/episode/124-max-madaznfootballr-when-chasing-a-quick-buck-becomes-making-a-quick-buck,https://chrt.fm/track/E6BB91/traffic.megaphone.fm/CWT9921147276.mp3,https://www.youtube.com/watch?v=H9fUDFgdB38,H9fUDFgdB38,2017-05-11,4341,stocks,scalping
123,123-darren-reed-grit-hustle-intent-and-environment,"123: Darren Reed – Grit, Hustle, Intent—and Environment",Darren Reed,https://chatwithtraders.com/episode/123-darren-reed-grit-hustle-intent-and-environment,https://chrt.fm/track/E6BB91/traffic.megaphone.fm/CWT2672488693.mp3,https://www.youtube.com/watch?v=eSq95Z0iiNk,eSq95Z0iiNk,2017-05-04,6427,stocks,australian market;prop firm;mindset;hedge fund
122,122-doug-cifu-virtu-hitting-singles-all-day-long-on-a-global-scale,122: Doug Cifu – Virtu: Hitting Singles All Day Long—On a Global Scale,Doug Cifu,https://chatwithtraders.com/episode/122-doug-cifu-virtu-hitting-singles-all-day-long-on-a-global-scale,https://chrt.fm/track/E6BB91/traffic.megaphone.fm/CWT7381564619.mp3,https://www.youtube.com/watch?v=LsAyeB1J0ec,LsAyeB1J0ec,2017-04-27,2360,stocks,market makers
120,120-meb-faber-a-crash-course-in-long-term-investing-for-short-term-traders,120: Meb Faber – A Crash Course in Long-Term Investing—For Short-Term Traders,Meb Faber,https://chatwithtraders.com/episode/120-meb-faber-a-crash-course-in-long-term-investing-for-short-term-traders,https://chrt.fm/track/E6BB91/traffic.megaphone.fm/CWT3864029136.mp3,https://www.youtube.com/watch?v=XtXbLWA7X68,XtXbLWA7X68,2017-04-13,4402,stocks,author;investor;fund manager
119,119-alex-tagrtrades-what-this-day-trader-learned-after-four-years-of-abandoning-a-secure-job,"119: Alex, @TAGRtrades – What This Day Trader Learned After Four Years of Abandoning a Secure Job","Alex, @TAGRtrades",https://chatwithtraders.com/episode/119-alex-tagrtrades-what-this-day-trader-learned-after-four-years-of-abandoning-a-secure-job,https://chrt.fm/track/E6BB91/traffic.megaphone.fm/CWT2906876548.mp3,https://www.youtube.com/watch?v=K-iSM9aii7I,K-iSM9aii7I,2017-04-06,3721,stocks,momentum;intraday;shorting;small cap
117,117-larry-alintoff-traders-opportunity-when-things-that-should-happen-dont-happen,"117: Larry Alintoff – Traders' Opportunity—When Things That ""Should"" Happen, Don't Happen",Larry Alintoff,https://chatwithtraders.com/episode/117-larry-alintoff-traders-opportunity-when-things-that-should-happen-dont-happen,https://chrt.fm/track/E6BB91/traffic.megaphone.fm/CWT6095824381.mp3,https://www.youtube.com/watch?v=ExncOQF86Gk,ExncOQF86Gk,2017-03-23,4304,stocks;financial-industry,prop firm;fund manager
115,115-adam-grimes-what-hand-traders-can-learn-from-system-traders-and-vice-versa,"115: Adam Grimes – What Hand Traders Can Learn From System Traders, and Vice Versa",Adam Grimes,https://chatwithtraders.com/episode/115-adam-grimes-what-hand-traders-can-learn-from-system-traders-and-vice-versa,https://chrt.fm/track/E6BB91/traffic.megaphone.fm/CWT6324977583.mp3,https://www.youtube.com/watch?v=dfRPZfkrDKk,dfRPZfkrDKk,2017-03-09,6424,stocks,quant and algo;discretionary;mean reversion
112,112-jorge-soltero-reminiscences-of-a-trader-at-hull-trading-co-and-a-sell-side-career,112: Jorge Soltero – Reminiscences of a Trader at Hull Trading Co.—and a Sell-Side Career,Jorge Soltero,https://chatwithtraders.com/episode/112-jorge-soltero-reminiscences-of-a-trader-at-hull-trading-co-and-a-sell-side-career,https://chrt.fm/track/E6BB91/traffic.megaphone.fm/CWT4217319527.mp3,https://www.youtube.com/watch?v=MIKV210yit8,MIKV210yit8,2017-02-16,4349,options-trading;stocks,trading floor;institutional;market makers
110,110-george-rollytrader-learning-to-trade-momentum-setups-and-becoming-a-venture-capitalist,"110: George, @RollyTrader – Learning to Trade, Momentum Setups, and Becoming a Venture Capitalist","George, @RollyTrader",https://chatwithtraders.com/episode/110-george-rollytrader-learning-to-trade-momentum-setups-and-becoming-a-venture-capitalist,https://chrt.fm/track/E6BB91/traffic.megaphone.fm/CWT2005445472.mp3,https://www.youtube.com/watch?v=xn0-isz8vQA,xn0-isz8vQA,2017-02-02,4142,stocks,australian market;position sizing;swing trading;momentum;ipo
104,104-alex-at09trader-an-appetite-for-risk-and-hitting-hard-when-opportunity-arises,"104: Alex, @AT09_Trader – An Appetite For Risk, and Hitting Hard When Opportunity Arises","Alex, @AT09_Trader",https://chatwithtraders.com/episode/104-alex-at09trader-an-appetite-for-risk-and-hitting-hard-when-opportunity-arises,https://chrt.fm/track/E6BB91/traffic.megaphone.fm/CWT5870788408.mp3,https://www.youtube.com/watch?v=ChPNOrJFHng,ChPNOrJFHng,2016-12-22,3572,stocks,intraday;discretionary;shorting;small cap
100,100-bao-modernrock-overcome-adversity-dominate-a-niche-become-the-house,"100: Bao, @Modern_Rock – Overcome Adversity, Dominate a Niche, Become ‘the House’","Bao, @Modern_Rock",https://chatwithtraders.com/episode/100-bao-modernrock-overcome-adversity-dominate-a-niche-become-the-house,https://chrt.fm/track/E6BB91/traffic.megaphone.fm/CWT7123179564.mp3,https://www.youtube.com/watch?v=PfFEka73KHM,PfFEka73KHM,2016-11-24,4816,stocks,intraday
98,098-peter-to-how-successful-day-trading-can-fly-in-the-face-of-conventional-wisdom-with-a-former-poker-player-and-ex-prop-trader,098: Peter To – How Successful Day Trading Can Fly in the Face of Conventional Wisdom—with a Former Poker Player and Ex-Prop Trader,Peter To,https://chatwithtraders.com/episode/098-peter-to-how-successful-day-trading-can-fly-in-the-face-of-conventional-wisdom-with-a-former-poker-player-and-ex-prop-trader,https://chrt.fm/track/E6BB91/traffic.megaphone.fm/CWT3014983116.mp3,https://www.youtube.com/watch?v=kpMe8_oJ9DY,kpMe8_oJ9DY,2016-11-10,4770,stocks,prop firm;98
96,096-nico-inefficientmrkt-an-eight-year-overnight-success-story-and-a-thirst-for-momentum,"096: Nico, @InefficientMrkt – An Eight Year Overnight Success Story, and a Thirst for Momentum","Nico, @InefficientMrkt",https://chatwithtraders.com/episode/096-nico-inefficientmrkt-an-eight-year-overnight-success-story-and-a-thirst-for-momentum,https://chrt.fm/track/E6BB91/traffic.megaphone.fm/CWT2569254525.mp3,,,2016-10-27,4161,stocks,momentum;intraday;shorting;small cap;96
94,094-kenny-glick-shady-tales-from-a-real-life-boiler-room-and-things-profitable-traders-do,"094: Kenny Glick – Shady Tales From a Real-Life Boiler Room, and Things Profitable Traders Do",Kenny Glick,https://chatwithtraders.com/episode/094-kenny-glick-shady-tales-from-a-real-life-boiler-room-and-things-profitable-traders-do,https://chrt.fm/track/E6BB91/traffic.megaphone.fm/CWT4437212820.mp3,https://www.youtube.com/watch?v=G5UMKkOg1xg,G5UMKkOg1xg,2016-10-13,4807,stocks,general financial markets;94
91,091-craig-scott-trading-fundamentals-sentiment-and-events-and-why-conviction-matters,"091: Craig Scott – Trading Fundamentals, Sentiment and Events, and Why Conviction Matters",Craig Scott,https://chatwithtraders.com/episode/091-craig-scott-trading-fundamentals-sentiment-and-events-and-why-conviction-matters,https://chrt.fm/track/E6BB91/traffic.megaphone.fm/CWT2285265119.mp3,https://www.youtube.com/watch?v=yrBQiBtxA-E,yrBQiBtxA-E,2016-09-22,4019,options-trading;stocks,position sizing;investor;fundamentals;91
88,088-dave-lauer-a-former-high-frequency-trader-talks-speed-market-structure-and-dark-pools,"088: Dave Lauer – A Former-High Frequency Trader Talks Speed, Market Structure and Dark Pools",Dave Lauer,https://chatwithtraders.com/episode/088-dave-lauer-a-former-high-frequency-trader-talks-speed-market-structure-and-dark-pools,https://chrt.fm/track/E6BB91/traffic.megaphone.fm/CWT6031151283.mp3,https://www.youtube.com/watch?v=1ah7XokvcwA,1ah7XokvcwA,2016-09-01,3800,stocks,high-frequency;market structure;flash crash;institutional;arbitrage;88
83,083-ryan-moffett-getting-mentors-starting-a-fund-and-deliberate-practice-w-blackpier-capital,"083: Ryan Moffett – Getting Mentors, Starting a Fund, and Deliberate Practice w/ Blackpier Capital",Ryan Moffett,https://chatwithtraders.com/episode/083-ryan-moffett-getting-mentors-starting-a-fund-and-deliberate-practice-w-blackpier-capital,https://chrt.fm/track/E6BB91/traffic.megaphone.fm/CWT7468970332.mp3,https://www.youtube.com/watch?v=WP8g9rZ2Zrg,WP8g9rZ2Zrg,2016-07-28,3968,stocks,fund manager;institutional;83
81,081-alan-farley-breaking-down-breakouts-and-dynamics-of-price-movement-with-the-master-swing-trader,"081: Alan Farley – Breaking Down Breakouts and Dynamics of Price Movement, with The Master Swing Trader",Alan Farley,https://chatwithtraders.com/episode/081-alan-farley-breaking-down-breakouts-and-dynamics-of-price-movement-with-the-master-swing-trader,https://chrt.fm/track/E6BB91/traffic.megaphone.fm/CWT3234577389.mp3,https://www.youtube.com/watch?v=QczwNaegeXA,QczwNaegeXA,2016-07-14,4206,stocks;81,breakout;swing trading
77,077-dennis-dick-how-to-be-a-profitable-short-term-trader-in-a-high-frequency-world,077: Dennis Dick – How to be a Profitable Short-Term Trader in a High Frequency World,Dennis Dick,https://chatwithtraders.com/episode/077-dennis-dick-how-to-be-a-profitable-short-term-trader-in-a-high-frequency-world,https://chrt.fm/track/E6BB91/traffic.megaphone.fm/CWT7880006911.mp3,,,2016-06-16,4225,stocks,prop firm;77
75,075-dan-aisen-the-mechanics-of-a-dark-pool-and-a-quest-to-make-markets-fair-w-iex-co-founder,"075: Dan Aisen – The Mechanics of a Dark Pool, and a Quest to Make Markets “Fair” w/ IEX Co-Founder",Dan Aisen,https://chatwithtraders.com/episode/075-dan-aisen-the-mechanics-of-a-dark-pool-and-a-quest-to-make-markets-fair-w-iex-co-founder,https://chrt.fm/track/E6BB91/traffic.megaphone.fm/CWT3006992067.mp3,https://www.youtube.com/watch?v=dbw4wFtC9II,dbw4wFtC9II,2016-06-02,3964,stocks,market structure;dark pool;75
74,074-john-walsh-pocketing-100k-from-a-trading-comp-and-making-simplicity-a-priority-w-the-black-cabbie-trader,"074: John Walsh – Pocketing $100k From a Trading Comp, and Making Simplicity a Priority w/ the Black Cabbie Trader",John Walsh,https://chatwithtraders.com/episode/074-john-walsh-pocketing-100k-from-a-trading-comp-and-making-simplicity-a-priority-w-the-black-cabbie-trader,https://chrt.fm/track/E6BB91/traffic.megaphone.fm/CWT1462100443.mp3,,,2016-05-26,2801,stocks,position trading;74
66,066-dan-shapiro-blocking-excess-noise-establishing-your-process-and-getting-screen-time,"066: Dan Shapiro – Blocking Excess Noise, Establishing Your Process and Getting Screen Time",Dan Shapiro,https://chatwithtraders.com/episode/066-dan-shapiro-blocking-excess-noise-establishing-your-process-and-getting-screen-time,https://chrt.fm/track/E6BB91/traffic.megaphone.fm/CWT7652855349.mp3,https://www.youtube.com/watch?v=E6p-2BMtZVg,E6p-2BMtZVg,2016-03-31,4006,stocks,intraday;66
64,064-nick-radge-the-casino-edge-mean-reversion-strategies-and-how-to-develop-robust-trading-systems,"064: Nick Radge – The Casino Edge, Mean Reversion Strategies, and How to Develop Robust Trading Systems",Nick Radge,https://chatwithtraders.com/episode/064-nick-radge-the-casino-edge-mean-reversion-strategies-and-how-to-develop-robust-trading-systems,https://chrt.fm/track/E6BB91/traffic.megaphone.fm/CWT6742806903.mp3,https://www.youtube.com/watch?v=76ppCyIklvk,76ppCyIklvk,2016-03-17,3718,stocks,trend-following;australian market;momentum;scalping;mean reversion;64
60,060-peter-tuchman-30-years-on-the-nyse-a-lesson-in-history-with-wall-sts-most-photographed-man,060: Peter Tuchman – 30 Years on the NYSE: A Lesson in History with Wall St’s Most Photographed Man,Peter Tuchman,https://chatwithtraders.com/episode/060-peter-tuchman-30-years-on-the-nyse-a-lesson-in-history-with-wall-sts-most-photographed-man,https://chrt.fm/track/E6BB91/traffic.megaphone.fm/CWT1427274309.mp3,https://www.youtube.com/watch?v=2YOfQSf492c,2YOfQSf492c,2016-02-18,4760,stocks;financial-industry,30+ trading years;ipo;trading floor;60
58,058-paul-singh-planning-and-preparation-failing-to-plan-is-planning-to-fail,058: Paul Singh – Planning and Preparation: Failing to Plan is Planning to Fail,Paul Singh,https://chatwithtraders.com/episode/058-paul-singh-planning-and-preparation-failing-to-plan-is-planning-to-fail,https://chrt.fm/track/E6BB91/traffic.megaphone.fm/CWT2281504990.mp3,https://www.youtube.com/watch?v=A0Q5z3TGHJw,A0Q5z3TGHJw,2016-02-04,3249,stocks,general financial markets;swing trading;intraday
55,055-nathan-michaud-trading-momo-stocks-and-scaling-up-for-larger-gains-w-investors-underground,"055: Nathan Michaud – Trading Momo Stocks, and Scaling Up for Larger Gains w/ Investors Underground",Nathan Michaud,https://chatwithtraders.com/episode/055-nathan-michaud-trading-momo-stocks-and-scaling-up-for-larger-gains-w-investors-underground,https://chrt.fm/track/E6BB91/traffic.megaphone.fm/CWT7749754950.mp3,https://www.youtube.com/watch?v=PO_pIIUUQrU,PO_pIIUUQrU,2016-01-14,4010,stocks,momentum;shorting;small cap;55
54,054-rishi-narang-components-of-a-black-box-humans-versus-computers-and-high-frequency-trading,"054: Rishi Narang – Components of a Black Box, Humans Versus Computers, and High Frequency Trading",Rishi Narang,https://chatwithtraders.com/episode/054-rishi-narang-components-of-a-black-box-humans-versus-computers-and-high-frequency-trading,https://chrt.fm/track/E6BB91/traffic.megaphone.fm/CWT2167506145.mp3,https://www.youtube.com/watch?v=D6pjFHe_qhY,D6pjFHe_qhY,2016-01-07,5197,stocks;financial-industry,high-frequency;quant and algo;dark pool;fund manager;54
52,052-ernie-chan-how-quant-strategies-are-created-scrutinized-and-introduced-to-the-market,"052: Ernie Chan – How Quant Strategies Are Created, Scrutinized and Introduced to the Market",Ernie Chan,https://chatwithtraders.com/episode/052-ernie-chan-how-quant-strategies-are-created-scrutinized-and-introduced-to-the-market,https://chrt.fm/track/E6BB91/traffic.megaphone.fm/CWT5974722043.mp3,https://www.youtube.com/watch?v=DW9zQ8Hz6gQ,DW9zQ8Hz6gQ,2015-12-24,3765,stocks,quant and algo;momentum
51,051-bryce-edwards-tracking-stocks-in-play-and-acting-on-order-book-activity-intraday-momentum,"051: Bryce Edwards – Tracking ‘Stocks in Play’ and Acting on Order Book Activity, Intraday Momentum",Bryce Edwards,https://chatwithtraders.com/episode/051-bryce-edwards-tracking-stocks-in-play-and-acting-on-order-book-activity-intraday-momentum,https://chrt.fm/track/E6BB91/traffic.megaphone.fm/CWT8341005225.mp3,https://www.youtube.com/watch?v=0em_ye4WiVU,0em_ye4WiVU,2015-12-17,3155,stocks,australian market;momentum;discretionary;51
47,047-timothy-sykes-the-hustle-n-grind-beyond-the-big-money-fast-cars-and-exotic-trips,"047: Timothy Sykes – The Hustle ‘n Grind: Beyond the Big Money, Fast Cars and Exotic Trips",Timothy Sykes,https://chatwithtraders.com/episode/047-timothy-sykes-the-hustle-n-grind-beyond-the-big-money-fast-cars-and-exotic-trips,https://chrt.fm/track/E6BB91/traffic.megaphone.fm/CWT8267258739.mp3,https://www.youtube.com/watch?v=E1Pbld_xZBU,E1Pbld_xZBU,2015-11-19,5040,stocks,penny stocks;shorting
43,043-jon-boorman-buying-stocks-in-uptrends-managing-risk-and-tips-for-long-term-survival,"043: Jon Boorman – Buying Stocks in Uptrends, Managing Risk, and Tips for Long Term Survival",Jon Boorman,https://chatwithtraders.com/episode/043-jon-boorman-buying-stocks-in-uptrends-managing-risk-and-tips-for-long-term-survival,https://chrt.fm/track/E6BB91/traffic.megaphone.fm/CWT1091393109.mp3,https://www.youtube.com/watch?v=iOlSqwz5-Fw,iOlSqwz5-Fw,2015-10-22,4832,stocks,trend-following;position sizing
39,039-tom-dante-speaks-to-the-competitiveness-of-trading-and-essential-skill-sets-for-profitability,039: Tom Dante – Speaks to the Competitiveness of Trading and Essential Skill Sets for Profitability,Tom Dante,https://chatwithtraders.com/episode/039-tom-dante-speaks-to-the-competitiveness-of-trading-and-essential-skill-sets-for-profitability,https://chrt.fm/track/E6BB91/traffic.megaphone.fm/CWT2259949397.mp3,https://www.youtube.com/watch?v=DpUAgOr0QTU,DpUAgOr0QTU,2015-09-24,5265,stocks,swing trading
34,034-michael-melissinos-launching-a-fund-at-26-and-trading-trends-in-40-global-futures-markets,"034: Michael Melissinos – Launching a Fund at 26, and Trading Trends in 40 Global Futures Markets",Michael Melissinos,https://chatwithtraders.com/episode/034-michael-melissinos-launching-a-fund-at-26-and-trading-trends-in-40-global-futures-markets,https://chrt.fm/track/E6BB91/traffic.megaphone.fm/CWT6732709175.mp3,https://www.youtube.com/watch?v=A9AONH3usCc,A9AONH3usCc,2015-08-20,4687,stocks,trend-following
32,032-dan-shapiro-how-to-handle-a-run-of-losses-grind-through-slumps-while-keeping-your-emotions-intact,"032: Dan Shapiro – How to Handle a Run of Losses & Grind Through Slumps, While Keeping Your Emotions Intact",Dan Shapiro,https://chatwithtraders.com/episode/032-dan-shapiro-how-to-handle-a-run-of-losses-grind-through-slumps-while-keeping-your-emotions-intact,https://chrt.fm/track/E6BB91/traffic.megaphone.fm/CWT6512241216.mp3,https://www.youtube.com/watch?v=yOOrqholDMY,yOOrqholDMY,2015-08-06,4249,stocks,managing losses;mindset;psychology;swing trading
31,031-luke-cummings-low-correlation-equities-trading-how-to-avoid-being-tied-to-the-market,031: Luke Cummings – Low-Correlation Equities Trading; How to Avoid Being Tied to the Market,Luke Cummings,https://chatwithtraders.com/episode/031-luke-cummings-low-correlation-equities-trading-how-to-avoid-being-tied-to-the-market,https://chrt.fm/track/E6BB91/traffic.megaphone.fm/CWT3383385752.mp3,https://www.youtube.com/watch?v=0vpUa1e9uWg,0vpUa1e9uWg,2015-07-30,3801,stocks,australian market;correlations
24,024-ivaylo-ivanhoff-riding-industry-momentum-using-high-probability-swing-setups-to-capitalize-on-short-term-gainers,024: Ivaylo Ivanhoff – Riding Industry Momentum & Using High Probability Swing Setups to Capitalize on Short-Term Gainers,Ivaylo Ivanhoff,https://chatwithtraders.com/episode/024-ivaylo-ivanhoff-riding-industry-momentum-using-high-probability-swing-setups-to-capitalize-on-short-term-gainers,https://chrt.fm/track/E6BB91/traffic.megaphone.fm/CWT6118909467.mp3,https://www.youtube.com/watch?v=pIw84hDLZWw,pIw84hDLZWw,2015-06-11,2674,stocks,swing trading;momentum;position trading;24
23,023-david-bush-the-transition-from-discretionary-to-quantitative-trading-how-to-optimise-your-strategy,023: David Bush – The Transition From Discretionary to Quantitative Trading & How to Optimise Your Strategy,David Bush,https://chatwithtraders.com/episode/023-david-bush-the-transition-from-discretionary-to-quantitative-trading-how-to-optimise-your-strategy,https://chrt.fm/track/E6BB91/traffic.megaphone.fm/CWT3684123543.mp3,https://www.youtube.com/watch?v=AJ4rPn-MzgY,AJ4rPn-MzgY,2015-06-04,4320,stocks,quant and algo;discretionary;23
21,021-adam-grimes-how-to-identify-a-trading-edge-and-a-realistic-breakdown-of-the-path-to-becoming-a-trader,"021: Adam Grimes – How to Identify a Trading Edge, and a Realistic Breakdown of ‘The Path to Becoming a Trader’",Adam Grimes,https://chatwithtraders.com/episode/021-adam-grimes-how-to-identify-a-trading-edge-and-a-realistic-breakdown-of-the-path-to-becoming-a-trader,https://chrt.fm/track/E6BB91/traffic.megaphone.fm/CWT3406401164.mp3,https://www.youtube.com/watch?v=Tz_l1OBJRK4,Tz_l1OBJRK4,2015-05-21,4425,stocks,technicals;psychology;statistics;21
20,020-kunal-desai-go-to-setups-trading-explosive-momentum-and-how-to-combat-fomo,"020: Kunal Desai – Go-To Setups, Trading Explosive Momentum, and How to Combat FOMO",Kunal Desai,https://chatwithtraders.com/episode/020-kunal-desai-go-to-setups-trading-explosive-momentum-and-how-to-combat-fomo,https://chrt.fm/track/E6BB91/traffic.megaphone.fm/CWT9280657362.mp3,https://www.youtube.com/watch?v=L8tVxv55Zwc,L8tVxv55Zwc,2015-05-14,4042,stocks,momentum;intraday;20
19,019-stuart-mcphee-how-to-form-the-basis-of-a-solid-trading-plan-and-follow-it-with-absolute-discipline,019: Stuart McPhee – How to Form the Basis of a Solid Trading Plan—and Follow it With Absolute Discipline,Stuart McPhee,https://chatwithtraders.com/episode/019-stuart-mcphee-how-to-form-the-basis-of-a-solid-trading-plan-and-follow-it-with-absolute-discipline,https://chrt.fm/track/E6BB91/traffic.megaphone.fm/CWT1397866220.mp3,https://www.youtube.com/watch?v=c2NjhULgpKg,c2NjhULgpKg,2015-05-07,2495,stocks;forex,australian market;19;process-driven
18,018-john-welsh-giving-weight-to-fundamentals-news-plus-the-advantage-of-focusing-on-a-single-sector,"018: John Welsh – Giving Weight to Fundamentals & News, Plus the Advantage of Focusing on a Single Sector",John Welsh,https://chatwithtraders.com/episode/018-john-welsh-giving-weight-to-fundamentals-news-plus-the-advantage-of-focusing-on-a-single-sector,https://chrt.fm/track/E6BB91/traffic.megaphone.fm/CWT9032205509.mp3,,,2015-04-29,2280,stocks,18;biotech
10,010-tim-grittani-5-key-factors-of-tims-success-as-a-7-figure-trader-and-transitioning-from-otc-to-nasdaq-stocks,"010: Tim Grittani – 5 Key Factors of Tim's Success as a 7-Figure Trader, and Transitioning From OTC to NASDAQ Stocks",Tim Grittani,https://chatwithtraders.com/episode/010-tim-grittani-5-key-factors-of-tims-success-as-a-7-figure-trader-and-transitioning-from-otc-to-nasdaq-stocks,https://chrt.fm/track/E6BB91/traffic.megaphone.fm/CWT1835997799.mp3,,,2015-03-05,3286,stocks,penny stocks;managing losses;7-figure;10
9,009-peter-zhang-into-the-mechanics-of-financial-markets-with-a-street-smart-hedge-fund-operator,009: Peter Zhang – Into the Mechanics of Financial Markets with a Street Smart Hedge Fund Operator,Peter Zhang,https://chatwithtraders.com/episode/009-peter-zhang-into-the-mechanics-of-financial-markets-with-a-street-smart-hedge-fund-operator,https://chrt.fm/track/E6BB91/traffic.megaphone.fm/CWT4020306871.mp3,https://www.youtube.com/watch?v=82PpfucbFZI,82PpfucbFZI,2015-02-26,4525,options-trading;stocks,breakout;high-frequency;market structure;9
4,004-nick-radge-how-to-power-through-trading-losses-and-continue-executing,004: Nick Radge – How to Power Through Trading Losses and Continue Executing,Nick Radge,https://chatwithtraders.com/episode/004-nick-radge-how-to-power-through-trading-losses-and-continue-executing,https://chrt.fm/track/E6BB91/traffic.megaphone.fm/CWT2480673582.mp3,https://www.youtube.com/watch?v=Ur78U_89LM8,Ur78U_89LM8,2015-01-22,3096,stocks,trend-following;australian market;managing losses;4
3,003-timothy-sykes-inside-the-world-of-penny-stocks-and-how-to-profit-from-market-inefficiencies,003: Timothy Sykes – Inside the World of Penny Stocks and How to Profit from Market Inefficiencies,Timothy Sykes,https://chatwithtraders.com/episode/003-timothy-sykes-inside-the-world-of-penny-stocks-and-how-to-profit-from-market-inefficiencies,https://chrt.fm/track/E6BB91/traffic.megaphone.fm/CWT1325952266.mp3,,,2015-01-12,2119,stocks,penny stocks;3
,213-john-roberson-an-obsession-with-edge-powered-by-automation,"213: John Roberson – An Obsession with Edge, Powered by Automation",John Roberson,https://chatwithtraders.com/episode/213-john-roberson-an-obsession-with-edge-powered-by-automation,https://chrt.fm/track/E6BB91/traffic.megaphone.fm/CWT1915095119.mp3,https://www.youtube.com/watch?v=nX0HFc25BzU,nX0HFc25BzU,2021-03-22,4189,stocks,momentum;systematic;mean reversion;automation
,306-michael-katz-prop-goes-the-trader,306 · Michael Katz - Prop Goes the Trader,Michael Katz,https://chatwithtraders.com/episode/306-michael-katz-prop-goes-the-trader,https://chrt.fm/track/E6BB91/traffic.megaphone.fm/CWT7999367559.mp3,https://www.youtube.com/watch?v=gFN3HQsNaE0,gFN3HQsNaE0,2025-08-27,3307,stocks;financial-industry,general financial markets;prop firm
